transaction_id,customer_id,product_id,store_id,sale_date,quantity,unit_price,discount_rate,total_amount,channel
T0001,81,30,20,2023-01-01,6,257.79,0.0,1546.74,in-store
T0002,28,33,12,2023-01-02,9,161.38,0.1,1307.18,online
T0003,50,10,8,2023-01-03,10,415.74,0.0,4157.4,online
T0004,57,18,9,2023-01-05,6,67.76,0.0,406.56,online
T0005,86,7,13,2023-01-06,1,26.31,0.15,22.36,in-store
T0006,65,28,14,2023-01-08,3,432.23,0.15,1102.19,in-store
T0007,53,34,16,2023-01-09,7,95.43,0.05,634.61,in-store
T0008,20,2,11,2023-01-11,10,298.98,0.0,2989.8,in-store
T0009,50,9,1,2023-01-12,2,210.61,0.0,421.22,in-store
T0010,4,29,9,2023-01-14,3,441.24,0.1,1191.35,online
T0011,66,29,16,2023-01-15,2,441.24,0.0,882.48,in-store
T0012,99,43,8,2023-01-17,8,74.91,0.15,509.39,in-store
T0013,60,37,6,2023-01-18,9,335.6,0.0,3020.4,online
T0014,82,4,1,2023-01-20,7,77.0,0.2,431.2,in-store
T0015,40,5,4,2023-01-21,9,206.21,0.05,1763.1,in-store
T0016,13,20,20,2023-01-22,10,34.42,0.0,344.2,click-and-collect
T0017,39,4,16,2023-01-24,6,77.0,0.05,438.9,in-store
T0018,85,9,2,2023-01-25,8,210.61,0.1,1516.39,online
T0019,64,14,20,2023-01-27,2,328.03,0.0,656.06,in-store
T0020,26,20,1,2023-01-28,4,34.42,0.0,137.68,in-store
T0021,77,38,12,2023-01-30,3,479.4,0.0,1438.2,click-and-collect
T0022,25,1,5,2023-01-31,1,278.53,0.0,278.53,online
T0023,26,26,13,2023-02-02,5,157.87,0.15,670.95,in-store
T0024,78,42,3,2023-02-03,7,127.33,0.05,846.74,online
T0025,31,39,7,2023-02-05,8,463.22,0.05,3520.47,in-store
T0026,76,25,16,2023-02-06,1,388.96,0.15,330.62,in-store
T0027,100,17,20,2023-02-08,3,472.17,0.0,1416.51,in-store
T0028,85,22,4,2023-02-09,1,217.73,0.05,206.84,in-store
T0029,81,29,19,2023-02-10,4,441.24,0.0,1764.96,online
T0030,14,31,7,2023-02-12,1,175.42,0.1,157.88,online
T0031,54,48,1,2023-02-13,10,455.57,0.0,4555.7,in-store
T0032,75,43,1,2023-02-15,6,74.91,0.0,449.46,in-store
T0033,89,37,14,2023-02-16,3,335.6,0.0,1006.8,in-store
T0034,47,15,19,2023-02-18,8,140.55,0.0,1124.4,online
T0035,22,31,7,2023-02-19,6,175.42,0.1,947.27,in-store
T0036,33,14,7,2023-02-21,1,328.03,0.05,311.63,in-store
T0037,44,24,2,2023-02-22,7,488.34,0.0,3418.38,click-and-collect
T0038,74,3,17,2023-02-24,4,424.89,0.1,1529.6,in-store
T0039,16,14,10,2023-02-25,2,328.03,0.05,623.26,online
T0040,85,14,20,2023-02-27,4,328.03,0.15,1115.3,in-store
T0041,98,33,17,2023-02-28,1,161.38,0.15,137.17,online
T0042,33,4,15,2023-03-01,9,77.0,0.0,693.0,online
T0043,90,15,15,2023-03-03,1,140.55,0.0,140.55,online
T0044,16,3,6,2023-03-04,7,424.89,0.0,2974.23,click-and-collect
T0045,19,10,18,2023-03-06,7,415.74,0.0,2910.18,online
T0046,100,28,10,2023-03-07,5,432.23,0.05,2053.09,in-store
T0047,59,14,5,2023-03-09,5,328.03,0.0,1640.15,in-store
T0048,92,10,16,2023-03-10,10,415.74,0.0,4157.4,online
T0049,50,38,1,2023-03-12,8,479.4,0.0,3835.2,online
T0050,29,4,14,2023-03-13,7,77.0,0.1,485.1,in-store
T0051,26,7,20,2023-03-15,7,26.31,0.0,184.17,click-and-collect
T0052,82,46,17,2023-03-16,7,87.68,0.05,583.07,online
T0053,10,49,15,2023-03-18,3,282.88,0.0,848.64,online
T0054,9,8,11,2023-03-19,8,412.23,0.1,2968.06,in-store
T0055,62,41,4,2023-03-20,2,431.04,0.0,862.08,click-and-collect
T0056,92,5,14,2023-03-22,6,206.21,0.0,1237.26,in-store
T0057,24,24,7,2023-03-23,5,488.34,0.1,2197.53,in-store
T0058,78,49,8,2023-03-25,5,282.88,0.0,1414.4,in-store
T0059,69,24,20,2023-03-26,6,488.34,0.0,2930.04,in-store
T0060,20,34,4,2023-03-28,10,95.43,0.05,906.58,in-store
T0061,70,46,20,2023-03-29,8,87.68,0.0,701.44,online
T0062,30,37,14,2023-03-31,6,335.6,0.05,1912.92,online
T0063,52,2,12,2023-04-01,4,298.98,0.0,1195.92,in-store
T0064,60,29,1,2023-04-03,5,441.24,0.0,2206.2,in-store
T0065,18,7,17,2023-04-04,9,26.31,0.0,236.79,in-store
T0066,36,4,16,2023-04-06,1,77.0,0.0,77.0,click-and-collect
T0067,71,41,2,2023-04-07,9,431.04,0.0,3879.36,online
T0068,74,43,1,2023-04-09,2,74.91,0.05,142.33,online
T0069,20,43,6,2023-04-10,5,74.91,0.0,374.55,in-store
T0070,60,21,13,2023-04-11,10,193.47,0.1,1741.23,online
T0071,12,22,7,2023-04-13,10,217.73,0.0,2177.3,in-store
T0072,21,20,12,2023-04-14,10,34.42,0.0,344.2,online
T0073,94,43,14,2023-04-16,7,74.91,0.2,419.5,online
T0074,62,7,3,2023-04-17,1,26.31,0.0,26.31,in-store
T0075,93,46,18,2023-04-19,5,87.68,0.05,416.48,in-store
T0076,2,6,12,2023-04-20,1,455.42,0.0,455.42,in-store
T0077,13,16,3,2023-04-22,2,352.8,0.0,705.6,in-store
T0078,12,27,16,2023-04-23,7,138.56,0.0,969.92,online
T0079,34,1,10,2023-04-25,10,278.53,0.0,2785.3,in-store
T0080,17,29,11,2023-04-26,3,441.24,0.1,1191.35,in-store
T0081,45,1,19,2023-04-28,8,278.53,0.05,2116.83,in-store
T0082,36,26,14,2023-04-29,7,157.87,0.0,1105.09,in-store
T0083,68,10,14,2023-04-30,7,415.74,0.2,2328.14,in-store
T0084,2,31,15,2023-05-02,3,175.42,0.0,526.26,in-store
T0085,44,26,16,2023-05-03,10,157.87,0.0,1578.7,online
T0086,93,44,5,2023-05-05,4,336.67,0.0,1346.68,online
T0087,86,27,20,2023-05-06,6,138.56,0.0,831.36,in-store
T0088,24,26,19,2023-05-08,4,157.87,0.0,631.48,click-and-collect
T0089,20,19,15,2023-05-09,9,433.06,0.15,3312.91,online
T0090,28,19,7,2023-05-11,3,433.06,0.05,1234.22,online
T0091,90,32,1,2023-05-12,3,497.47,0.0,1492.41,in-store
T0092,38,13,12,2023-05-14,8,43.91,0.0,351.28,in-store
T0093,14,12,17,2023-05-15,10,185.69,0.0,1856.9,in-store
T0094,95,16,3,2023-05-17,4,352.8,0.0,1411.2,click-and-collect
T0095,80,28,16,2023-05-18,4,432.23,0.0,1728.92,in-store
T0096,36,29,20,2023-05-19,10,441.24,0.0,4412.4,click-and-collect
T0097,63,23,4,2023-05-21,1,246.97,0.05,234.62,in-store
T0098,44,40,14,2023-05-22,2,375.37,0.0,750.74,in-store
T0099,2,7,11,2023-05-24,5,26.31,0.0,131.55,in-store
T0100,30,23,10,2023-05-25,9,246.97,0.0,2222.73,online
T0101,43,35,19,2023-05-27,1,440.64,0.15,374.54,in-store
T0102,98,3,12,2023-05-28,2,424.89,0.1,764.8,in-store
T0103,52,9,2,2023-05-30,1,210.61,0.0,210.61,in-store
T0104,37,10,1,2023-05-31,3,415.74,0.05,1184.86,in-store
T0105,15,44,6,2023-06-02,2,336.67,0.0,673.34,in-store
T0106,9,5,5,2023-06-03,10,206.21,0.1,1855.89,in-store
T0107,61,30,16,2023-06-05,5,257.79,0.0,1288.95,click-and-collect
T0108,66,17,20,2023-06-06,1,472.17,0.0,472.17,online
T0109,63,29,10,2023-06-07,1,441.24,0.2,352.99,online
T0110,72,35,2,2023-06-09,9,440.64,0.0,3965.76,click-and-collect
T0111,15,40,15,2023-06-10,8,375.37,0.0,3002.96,in-store
T0112,38,30,3,2023-06-12,2,257.79,0.0,515.58,click-and-collect
T0113,52,33,16,2023-06-13,10,161.38,0.0,1613.8,in-store
T0114,22,34,12,2023-06-15,6,95.43,0.0,572.58,online
T0115,68,12,8,2023-06-16,9,185.69,0.05,1587.65,in-store
T0116,41,23,16,2023-06-18,10,246.97,0.05,2346.21,online
T0117,87,48,2,2023-06-19,5,455.57,0.2,1822.28,click-and-collect
T0118,44,6,18,2023-06-21,2,455.42,0.1,819.76,in-store
T0119,27,7,4,2023-06-22,10,26.31,0.1,236.79,in-store
T0120,100,15,18,2023-06-24,4,140.55,0.0,562.2,in-store
T0121,99,26,10,2023-06-25,5,157.87,0.0,789.35,click-and-collect
T0122,86,26,16,2023-06-27,6,157.87,0.0,947.22,click-and-collect
T0123,51,36,5,2023-06-28,5,407.1,0.0,2035.5,click-and-collect
T0124,63,25,7,2023-06-29,7,388.96,0.0,2722.72,online
T0125,21,13,20,2023-07-01,6,43.91,0.0,263.46,in-store
T0126,20,13,12,2023-07-02,4,43.91,0.0,175.64,in-store
T0127,81,34,7,2023-07-04,4,95.43,0.0,381.72,click-and-collect
T0128,69,42,17,2023-07-05,3,127.33,0.15,324.69,in-store
T0129,50,50,10,2023-07-07,1,291.27,0.05,276.71,in-store
T0130,76,22,3,2023-07-08,10,217.73,0.15,1850.7,click-and-collect
T0131,18,39,19,2023-07-10,7,463.22,0.0,3242.54,in-store
T0132,8,43,2,2023-07-11,1,74.91,0.0,74.91,online
T0133,51,31,12,2023-07-13,1,175.42,0.1,157.88,in-store
T0134,38,14,10,2023-07-14,10,328.03,0.0,3280.3,in-store
T0135,23,7,12,2023-07-16,10,26.31,0.05,249.94,in-store
T0136,33,48,7,2023-07-17,2,455.57,0.0,911.14,click-and-collect
T0137,24,31,7,2023-07-18,10,175.42,0.0,1754.2,click-and-collect
T0138,58,6,1,2023-07-20,3,455.42,0.0,1366.26,online
T0139,44,21,20,2023-07-21,10,193.47,0.2,1547.76,click-and-collect
T0140,66,39,11,2023-07-23,8,463.22,0.05,3520.47,in-store
T0141,3,25,18,2023-07-24,3,388.96,0.0,1166.88,click-and-collect
T0142,19,2,8,2023-07-26,8,298.98,0.15,2033.06,online
T0143,37,14,19,2023-07-27,10,328.03,0.0,3280.3,online
T0144,47,12,18,2023-07-29,6,185.69,0.05,1058.43,in-store
T0145,82,22,10,2023-07-30,7,217.73,0.0,1524.11,click-and-collect
T0146,100,44,7,2023-08-01,1,336.67,0.0,336.67,online
T0147,4,18,2,2023-08-02,10,67.76,0.0,677.6,in-store
T0148,2,18,14,2023-08-04,3,67.76,0.0,203.28,in-store
T0149,84,44,11,2023-08-05,5,336.67,0.1,1515.02,in-store
T0150,38,47,12,2023-08-06,3,200.79,0.0,602.37,in-store
T0151,91,2,5,2023-08-08,10,298.98,0.0,2989.8,in-store
T0152,34,47,6,2023-08-09,9,200.79,0.0,1807.11,in-store
T0153,81,13,12,2023-08-11,2,43.91,0.0,87.82,online
T0154,41,41,10,2023-08-12,5,431.04,0.0,2155.2,click-and-collect
T0155,7,10,13,2023-08-14,1,415.74,0.0,415.74,in-store
T0156,87,20,8,2023-08-15,8,34.42,0.0,275.36,in-store
T0157,17,23,13,2023-08-17,9,246.97,0.0,2222.73,click-and-collect
T0158,44,43,5,2023-08-18,10,74.91,0.05,711.64,in-store
T0159,25,49,8,2023-08-20,7,282.88,0.0,1980.16,online
T0160,89,23,2,2023-08-21,4,246.97,0.0,987.88,in-store
T0161,36,28,16,2023-08-23,10,432.23,0.0,4322.3,in-store
T0162,58,7,2,2023-08-24,10,26.31,0.0,263.1,in-store
T0163,5,4,1,2023-08-25,10,77.0,0.0,770.0,online
T0164,43,43,5,2023-08-27,7,74.91,0.0,524.37,click-and-collect
T0165,17,48,14,2023-08-28,6,455.57,0.1,2460.08,in-store
T0166,26,41,2,2023-08-30,7,431.04,0.0,3017.28,click-and-collect
T0167,14,11,20,2023-08-31,4,9.92,0.1,35.71,in-store
T0168,83,7,4,2023-09-02,5,26.31,0.1,118.39,online
T0169,90,27,17,2023-09-03,4,138.56,0.2,443.39,in-store
T0170,65,44,3,2023-09-05,5,336.67,0.1,1515.02,in-store
T0171,51,46,5,2023-09-06,1,87.68,0.0,87.68,in-store
T0172,22,26,8,2023-09-08,4,157.87,0.15,536.76,in-store
T0173,57,21,17,2023-09-09,1,193.47,0.1,174.12,in-store
T0174,14,38,5,2023-09-11,3,479.4,0.0,1438.2,in-store
T0175,46,46,14,2023-09-12,5,87.68,0.0,438.4,in-store
T0176,13,14,1,2023-09-14,5,328.03,0.0,1640.15,online
T0177,15,29,5,2023-09-15,2,441.24,0.0,882.48,in-store
T0178,91,11,1,2023-09-16,5,9.92,0.1,44.64,in-store
T0179,46,41,5,2023-09-18,4,431.04,0.0,1724.16,in-store
T0180,41,43,20,2023-09-19,3,74.91,0.2,179.78,online
T0181,44,14,13,2023-09-21,8,328.03,0.0,2624.24,in-store
T0182,83,31,5,2023-09-22,1,175.42,0.2,140.34,online
T0183,49,12,16,2023-09-24,1,185.69,0.0,185.69,online
T0184,90,8,1,2023-09-25,10,412.23,0.0,4122.3,online
T0185,29,2,5,2023-09-27,7,298.98,0.05,1988.22,in-store
T0186,23,19,13,2023-09-28,6,433.06,0.0,2598.36,online
T0187,21,18,14,2023-09-30,6,67.76,0.0,406.56,online
T0188,4,43,12,2023-10-01,4,74.91,0.0,299.64,online
T0189,1,36,1,2023-10-03,4,407.1,0.1,1465.56,online
T0190,19,24,8,2023-10-04,9,488.34,0.2,3516.05,in-store
T0191,32,11,16,2023-10-05,4,9.92,0.0,39.68,online
T0192,78,17,15,2023-10-07,5,472.17,0.15,2006.72,click-and-collect
T0193,37,7,2,2023-10-08,10,26.31,0.1,236.79,online
T0194,2,18,19,2023-10-10,9,67.76,0.1,548.86,click-and-collect
T0195,41,22,13,2023-10-11,3,217.73,0.0,653.19,in-store
T0196,57,42,8,2023-10-13,2,127.33,0.0,254.66,in-store
T0197,2,45,19,2023-10-14,10,358.73,0.05,3407.94,online
T0198,20,23,8,2023-10-16,2,246.97,0.2,395.15,online
T0199,96,15,7,2023-10-17,6,140.55,0.05,801.14,in-store
T0200,77,48,11,2023-10-19,3,455.57,0.0,1366.71,in-store
T0201,67,47,1,2023-10-20,8,200.79,0.05,1526.0,in-store
T0202,48,16,5,2023-10-22,9,352.8,0.0,3175.2,in-store
T0203,23,43,9,2023-10-23,7,74.91,0.1,471.93,click-and-collect
T0204,55,38,4,2023-10-24,8,479.4,0.05,3643.44,online
T0205,77,20,16,2023-10-26,6,34.42,0.0,206.52,in-store
T0206,30,15,8,2023-10-27,4,140.55,0.0,562.2,online
T0207,45,5,11,2023-10-29,1,206.21,0.0,206.21,in-store
T0208,46,39,14,2023-10-30,10,463.22,0.05,4400.59,online
T0209,67,23,2,2023-11-01,6,246.97,0.05,1407.73,click-and-collect
T0210,5,1,1,2023-11-02,9,278.53,0.05,2381.43,online
T0211,64,8,14,2023-11-04,4,412.23,0.0,1648.92,online
T0212,81,7,3,2023-11-05,4,26.31,0.05,99.98,click-and-collect
T0213,6,41,19,2023-11-07,4,431.04,0.0,1724.16,in-store
T0214,91,13,17,2023-11-08,6,43.91,0.05,250.29,in-store
T0215,61,31,3,2023-11-10,4,175.42,0.05,666.6,in-store
T0216,76,44,7,2023-11-11,10,336.67,0.0,3366.7,online
T0217,34,22,20,2023-11-12,5,217.73,0.0,1088.65,click-and-collect
T0218,50,17,12,2023-11-14,8,472.17,0.1,3399.62,in-store
T0219,74,12,5,2023-11-15,3,185.69,0.0,557.07,click-and-collect
T0220,85,25,2,2023-11-17,2,388.96,0.0,777.92,online
T0221,60,41,2,2023-11-18,5,431.04,0.05,2047.44,online
T0222,1,6,12,2023-11-20,6,455.42,0.05,2595.89,in-store
T0223,55,41,17,2023-11-21,8,431.04,0.0,3448.32,online
T0224,67,29,1,2023-11-23,9,441.24,0.0,3971.16,online
T0225,29,45,7,2023-11-24,7,358.73,0.0,2511.11,click-and-collect
T0226,77,5,5,2023-11-26,6,206.21,0.15,1051.67,in-store
T0227,78,50,15,2023-11-27,5,291.27,0.0,1456.35,online
T0228,33,8,9,2023-11-29,5,412.23,0.0,2061.15,in-store
T0229,29,18,4,2023-11-30,1,67.76,0.0,67.76,in-store
T0230,86,41,11,2023-12-02,8,431.04,0.0,3448.32,in-store
T0231,69,29,17,2023-12-03,10,441.24,0.15,3750.54,click-and-collect
T0232,1,13,3,2023-12-04,5,43.91,0.1,197.6,in-store
T0233,27,45,3,2023-12-06,4,358.73,0.0,1434.92,click-and-collect
T0234,64,4,10,2023-12-07,7,77.0,0.0,539.0,in-store
T0235,63,27,3,2023-12-09,5,138.56,0.1,623.52,click-and-collect
T0236,31,31,16,2023-12-10,1,175.42,0.05,166.65,in-store
T0237,91,49,13,2023-12-12,7,282.88,0.1,1782.14,online
T0238,63,8,15,2023-12-13,8,412.23,0.0,3297.84,in-store
T0239,34,9,9,2023-12-15,3,210.61,0.0,631.83,in-store
T0240,26,3,8,2023-12-16,10,424.89,0.0,4248.9,online
T0241,39,6,5,2023-12-18,5,455.42,0.0,2277.1,online
T0242,21,42,10,2023-12-19,9,127.33,0.05,1088.67,in-store
T0243,39,27,12,2023-12-21,8,138.56,0.05,1053.06,in-store
T0244,63,20,16,2023-12-22,9,34.42,0.05,294.29,in-store
T0245,80,12,18,2023-12-23,7,185.69,0.05,1234.84,in-store
T0246,50,44,6,2023-12-25,5,336.67,0.0,1683.35,in-store
T0247,46,25,18,2023-12-26,7,388.96,0.0,2722.72,click-and-collect
T0248,19,38,3,2023-12-28,8,479.4,0.05,3643.44,click-and-collect
T0249,51,24,12,2023-12-29,9,488.34,0.0,4395.06,online
T0250,89,11,20,2023-12-31,5,9.92,0.1,44.64,click-and-collect
T0251,67,9,12,2024-01-01,8,210.61,0.2,1347.9,in-store
T0252,89,5,18,2024-01-03,2,206.21,0.0,412.42,in-store
T0253,52,2,9,2024-01-04,3,298.98,0.1,807.25,in-store
T0254,55,9,18,2024-01-06,1,210.61,0.0,210.61,click-and-collect
T0255,11,32,14,2024-01-07,5,497.47,0.0,2487.35,in-store
T0256,71,25,10,2024-01-09,4,388.96,0.0,1555.84,click-and-collect
T0257,91,34,13,2024-01-10,8,95.43,0.2,610.75,in-store
T0258,46,18,1,2024-01-11,9,67.76,0.05,579.35,online
T0259,57,14,4,2024-01-13,4,328.03,0.0,1312.12,in-store
T0260,81,42,15,2024-01-14,5,127.33,0.0,636.65,in-store
T0261,35,44,18,2024-01-16,9,336.67,0.2,2424.02,online
T0262,84,24,16,2024-01-17,2,488.34,0.0,976.68,in-store
T0263,35,44,10,2024-01-19,7,336.67,0.15,2003.19,click-and-collect
T0264,77,28,20,2024-01-20,1,432.23,0.0,432.23,in-store
T0265,78,36,6,2024-01-22,1,407.1,0.0,407.1,online
T0266,25,20,1,2024-01-23,6,34.42,0.05,196.19,in-store
T0267,68,1,4,2024-01-25,10,278.53,0.15,2367.5,in-store
T0268,3,38,17,2024-01-26,3,479.4,0.0,1438.2,online
T0269,76,25,2,2024-01-28,7,388.96,0.0,2722.72,in-store
T0270,66,35,7,2024-01-29,7,440.64,0.0,3084.48,in-store
T0271,4,18,10,2024-01-30,7,67.76,0.0,474.32,in-store
T0272,42,35,14,2024-02-01,3,440.64,0.0,1321.92,in-store
T0273,86,49,13,2024-02-02,6,282.88,0.05,1612.42,online
T0274,90,39,19,2024-02-04,5,463.22,0.0,2316.1,online
T0275,36,42,14,2024-02-05,4,127.33,0.0,509.32,online
T0276,86,20,6,2024-02-07,2,34.42,0.1,61.96,online
T0277,89,28,1,2024-02-08,3,432.23,0.15,1102.19,in-store
T0278,54,6,20,2024-02-10,5,455.42,0.1,2049.39,in-store
T0279,14,47,17,2024-02-11,2,200.79,0.0,401.58,click-and-collect
T0280,38,41,1,2024-02-13,6,431.04,0.15,2198.3,in-store
T0281,67,26,1,2024-02-14,5,157.87,0.0,789.35,online
T0282,72,18,3,2024-02-16,6,67.76,0.15,345.58,click-and-collect
T0283,100,28,1,2024-02-17,3,432.23,0.0,1296.69,click-and-collect
T0284,71,35,10,2024-02-19,2,440.64,0.2,705.02,click-and-collect
T0285,65,49,10,2024-02-20,1,282.88,0.0,282.88,in-store
T0286,69,50,15,2024-02-21,9,291.27,0.1,2359.29,in-store
T0287,76,16,4,2024-02-23,2,352.8,0.1,635.04,in-store
T0288,85,36,19,2024-02-24,8,407.1,0.1,2931.12,in-store
T0289,100,48,2,2024-02-26,9,455.57,0.0,4100.13,in-store
T0290,58,46,17,2024-02-27,2,87.68,0.1,157.82,in-store
T0291,23,32,10,2024-02-29,10,497.47,0.05,4725.96,in-store
T0292,52,1,20,2024-03-01,2,278.53,0.0,557.06,in-store
T0293,89,3,3,2024-03-03,2,424.89,0.0,849.78,in-store
T0294,52,31,9,2024-03-04,2,175.42,0.0,350.84,click-and-collect
T0295,97,6,12,2024-03-06,2,455.42,0.1,819.76,in-store
T0296,89,5,9,2024-03-07,5,206.21,0.0,1031.05,in-store
T0297,85,50,1,2024-03-09,2,291.27,0.0,582.54,click-and-collect
T0298,37,44,12,2024-03-10,3,336.67,0.05,959.51,online
T0299,87,17,16,2024-03-11,4,472.17,0.0,1888.68,in-store
T0300,85,49,14,2024-03-13,3,282.88,0.0,848.64,in-store
T0301,44,28,13,2024-03-14,2,432.23,0.0,864.46,in-store
T0302,51,2,19,2024-03-16,7,298.98,0.0,2092.86,in-store
T0303,63,33,3,2024-03-17,7,161.38,0.0,1129.66,in-store
T0304,9,7,12,2024-03-19,2,26.31,0.05,49.99,in-store
T0305,1,18,14,2024-03-20,2,67.76,0.0,135.52,in-store
T0306,45,42,19,2024-03-22,3,127.33,0.0,381.99,in-store
T0307,61,50,20,2024-03-23,6,291.27,0.0,1747.62,in-store
T0308,30,35,9,2024-03-25,10,440.64,0.0,4406.4,online
T0309,88,16,1,2024-03-26,5,352.8,0.0,1764.0,click-and-collect
T0310,53,50,16,2024-03-28,2,291.27,0.15,495.16,in-store
T0311,3,1,18,2024-03-29,1,278.53,0.0,278.53,in-store
T0312,86,38,20,2024-03-30,3,479.4,0.05,1366.29,in-store
T0313,50,35,15,2024-04-01,6,440.64,0.15,2247.26,in-store
T0314,18,30,2,2024-04-02,10,257.79,0.15,2191.22,click-and-collect
T0315,59,13,20,2024-04-04,1,43.91,0.0,43.91,in-store
T0316,48,27,15,2024-04-05,8,138.56,0.0,1108.48,online
T0317,5,13,20,2024-04-07,6,43.91,0.0,263.46,in-store
T0318,59,1,19,2024-04-08,5,278.53,0.0,1392.65,in-store
T0319,70,37,15,2024-04-10,4,335.6,0.05,1275.28,in-store
T0320,77,40,18,2024-04-11,10,375.37,0.0,3753.7,online
T0321,24,12,11,2024-04-13,4,185.69,0.0,742.76,online
T0322,95,20,18,2024-04-14,4,34.42,0.0,137.68,in-store
T0323,83,47,17,2024-04-16,5,200.79,0.0,1003.95,in-store
T0324,56,6,6,2024-04-17,6,455.42,0.05,2595.89,click-and-collect
T0325,42,46,12,2024-04-18,3,87.68,0.0,263.04,in-store
T0326,93,28,9,2024-04-20,3,432.23,0.2,1037.35,in-store
T0327,45,26,6,2024-04-21,9,157.87,0.0,1420.83,in-store
T0328,34,19,11,2024-04-23,5,433.06,0.05,2057.04,in-store
T0329,50,28,18,2024-04-24,5,432.23,0.0,2161.15,online
T0330,77,31,20,2024-04-26,3,175.42,0.0,526.26,online
T0331,60,2,4,2024-04-27,10,298.98,0.1,2690.82,online
T0332,77,1,6,2024-04-29,8,278.53,0.0,2228.24,in-store
T0333,39,42,5,2024-04-30,10,127.33,0.0,1273.3,in-store
T0334,56,9,14,2024-05-02,2,210.61,0.15,358.04,online
T0335,35,48,15,2024-05-03,1,455.57,0.15,387.23,online
T0336,18,27,16,2024-05-05,9,138.56,0.0,1247.04,in-store
T0337,44,14,16,2024-05-06,9,328.03,0.0,2952.27,click-and-collect
T0338,39,31,3,2024-05-08,9,175.42,0.0,1578.78,in-store
T0339,88,18,7,2024-05-09,3,67.76,0.0,203.28,in-store
T0340,30,5,18,2024-05-10,8,206.21,0.1,1484.71,in-store
T0341,95,47,1,2024-05-12,1,200.79,0.05,190.75,online
T0342,97,32,11,2024-05-13,9,497.47,0.05,4253.37,in-store
T0343,16,48,17,2024-05-15,10,455.57,0.0,4555.7,in-store
T0344,65,43,20,2024-05-16,4,74.91,0.2,239.71,click-and-collect
T0345,72,17,3,2024-05-18,4,472.17,0.0,1888.68,in-store
T0346,91,15,18,2024-05-19,1,140.55,0.05,133.52,in-store
T0347,98,33,3,2024-05-21,6,161.38,0.0,968.28,in-store
T0348,30,27,19,2024-05-22,10,138.56,0.0,1385.6,in-store
T0349,58,4,4,2024-05-24,5,77.0,0.15,327.25,in-store
T0350,43,46,4,2024-05-25,6,87.68,0.0,526.08,online
T0351,54,27,6,2024-05-27,10,138.56,0.05,1316.32,in-store
T0352,57,36,17,2024-05-28,1,407.1,0.0,407.1,in-store
T0353,64,47,11,2024-05-29,4,200.79,0.0,803.16,in-store
T0354,36,11,18,2024-05-31,8,9.92,0.1,71.42,in-store
T0355,27,48,1,2024-06-01,7,455.57,0.0,3188.99,in-store
T0356,46,49,19,2024-06-03,4,282.88,0.0,1131.52,click-and-collect
T0357,95,30,15,2024-06-04,6,257.79,0.05,1469.4,in-store
T0358,60,18,13,2024-06-06,10,67.76,0.0,677.6,in-store
T0359,78,33,8,2024-06-07,9,161.38,0.1,1307.18,click-and-collect
T0360,3,42,8,2024-06-09,10,127.33,0.0,1273.3,online
T0361,10,6,9,2024-06-10,1,455.42,0.0,455.42,online
T0362,34,23,12,2024-06-12,7,246.97,0.0,1728.79,online
T0363,1,6,16,2024-06-13,10,455.42,0.15,3871.07,in-store
T0364,1,40,4,2024-06-15,10,375.37,0.0,3753.7,in-store
T0365,59,27,17,2024-06-16,7,138.56,0.0,969.92,click-and-collect
T0366,49,47,20,2024-06-17,4,200.79,0.0,803.16,online
T0367,47,25,14,2024-06-19,1,388.96,0.0,388.96,in-store
T0368,61,46,15,2024-06-20,3,87.68,0.0,263.04,online
T0369,83,40,17,2024-06-22,8,375.37,0.0,3002.96,online
T0370,10,41,7,2024-06-23,8,431.04,0.1,3103.49,click-and-collect
T0371,76,37,7,2024-06-25,3,335.6,0.15,855.78,in-store
T0372,25,17,19,2024-06-26,6,472.17,0.0,2833.02,click-and-collect
T0373,70,12,3,2024-06-28,8,185.69,0.15,1262.69,online
T0374,81,46,15,2024-06-29,1,87.68,0.1,78.91,click-and-collect
T0375,99,46,17,2024-07-01,3,87.68,0.0,263.04,in-store
T0376,85,8,7,2024-07-02,4,412.23,0.15,1401.58,in-store
T0377,67,9,8,2024-07-04,10,210.61,0.0,2106.1,online
T0378,39,14,19,2024-07-05,1,328.03,0.05,311.63,in-store
T0379,31,3,4,2024-07-06,1,424.89,0.0,424.89,in-store
T0380,82,33,7,2024-07-08,4,161.38,0.05,613.24,in-store
T0381,18,47,15,2024-07-09,10,200.79,0.0,2007.9,in-store
T0382,28,38,7,2024-07-11,5,479.4,0.05,2277.15,online
T0383,28,7,15,2024-07-12,2,26.31,0.0,52.62,online
T0384,71,3,1,2024-07-14,4,424.89,0.2,1359.65,online
T0385,100,46,8,2024-07-15,7,87.68,0.0,613.76,click-and-collect
T0386,55,14,15,2024-07-17,6,328.03,0.05,1869.77,in-store
T0387,89,41,19,2024-07-18,3,431.04,0.0,1293.12,online
T0388,45,19,3,2024-07-20,1,433.06,0.0,433.06,in-store
T0389,88,39,11,2024-07-21,7,463.22,0.15,2756.16,online
T0390,66,43,1,2024-07-23,10,74.91,0.05,711.64,in-store
T0391,80,44,4,2024-07-24,8,336.67,0.0,2693.36,online
T0392,2,1,14,2024-07-26,3,278.53,0.1,752.03,online
T0393,89,15,11,2024-07-27,1,140.55,0.0,140.55,in-store
T0394,17,45,20,2024-07-28,1,358.73,0.0,358.73,click-and-collect
T0395,35,30,17,2024-07-30,8,257.79,0.0,2062.32,in-store
T0396,30,17,2,2024-07-31,7,472.17,0.0,3305.19,click-and-collect
T0397,85,46,17,2024-08-02,6,87.68,0.05,499.78,click-and-collect
T0398,69,31,16,2024-08-03,7,175.42,0.0,1227.94,in-store
T0399,17,2,5,2024-08-05,6,298.98,0.05,1704.19,online
T0400,71,47,5,2024-08-06,4,200.79,0.1,722.84,click-and-collect
T0401,28,41,18,2024-08-08,1,431.04,0.2,344.83,click-and-collect
T0402,69,4,18,2024-08-09,10,77.0,0.05,731.5,in-store
T0403,55,49,1,2024-08-11,7,282.88,0.0,1980.16,online
T0404,77,28,1,2024-08-12,2,432.23,0.1,778.01,in-store
T0405,90,48,1,2024-08-14,7,455.57,0.15,2710.64,in-store
T0406,8,12,4,2024-08-15,2,185.69,0.0,371.38,in-store
T0407,66,7,20,2024-08-16,10,26.31,0.0,263.1,in-store
T0408,11,36,20,2024-08-18,9,407.1,0.2,2931.12,online
T0409,93,5,17,2024-08-19,2,206.21,0.05,391.8,in-store
T0410,86,41,12,2024-08-21,5,431.04,0.0,2155.2,in-store
T0411,95,15,9,2024-08-22,1,140.55,0.05,133.52,online
T0412,36,13,3,2024-08-24,6,43.91,0.0,263.46,in-store
T0413,62,31,14,2024-08-25,8,175.42,0.0,1403.36,online
T0414,57,43,1,2024-08-27,8,74.91,0.0,599.28,in-store
T0415,7,41,20,2024-08-28,5,431.04,0.05,2047.44,online
T0416,51,9,9,2024-08-30,5,210.61,0.1,947.75,in-store
T0417,53,39,11,2024-08-31,7,463.22,0.15,2756.16,online
T0418,63,25,9,2024-09-02,9,388.96,0.0,3500.64,in-store
T0419,26,32,19,2024-09-03,1,497.47,0.2,397.98,in-store
T0420,8,7,11,2024-09-04,3,26.31,0.0,78.93,in-store
T0421,3,24,17,2024-09-06,2,488.34,0.05,927.85,online
T0422,77,16,14,2024-09-07,5,352.8,0.0,1764.0,click-and-collect
T0423,72,13,17,2024-09-09,1,43.91,0.1,39.52,in-store
T0424,13,19,4,2024-09-10,2,433.06,0.0,866.12,online
T0425,91,5,7,2024-09-12,5,206.21,0.0,1031.05,in-store
T0426,69,35,7,2024-09-13,3,440.64,0.0,1321.92,online
T0427,20,36,2,2024-09-15,5,407.1,0.0,2035.5,in-store
T0428,41,16,2,2024-09-16,7,352.8,0.0,2469.6,online
T0429,97,34,7,2024-09-18,8,95.43,0.05,725.27,in-store
T0430,50,27,20,2024-09-19,7,138.56,0.0,969.92,online
T0431,1,31,15,2024-09-21,8,175.42,0.05,1333.19,online
T0432,68,33,9,2024-09-22,4,161.38,0.05,613.24,in-store
T0433,97,34,17,2024-09-23,6,95.43,0.0,572.58,online
T0434,38,40,14,2024-09-25,1,375.37,0.0,375.37,in-store
T0435,85,31,2,2024-09-26,10,175.42,0.05,1666.49,online
T0436,5,15,6,2024-09-28,5,140.55,0.15,597.34,in-store
T0437,7,46,12,2024-09-29,2,87.68,0.15,149.06,online
T0438,97,3,3,2024-10-01,3,424.89,0.0,1274.67,in-store
T0439,34,32,8,2024-10-02,1,497.47,0.05,472.6,in-store
T0440,53,12,4,2024-10-04,10,185.69,0.15,1578.36,in-store
T0441,26,8,3,2024-10-05,7,412.23,0.0,2885.61,online
T0442,75,28,1,2024-10-07,6,432.23,0.2,2074.7,in-store
T0443,38,28,8,2024-10-08,5,432.23,0.0,2161.15,online
T0444,54,44,14,2024-10-10,9,336.67,0.1,2727.03,online
T0445,93,33,13,2024-10-11,5,161.38,0.0,806.9,in-store
T0446,82,33,20,2024-10-13,7,161.38,0.15,960.21,in-store
T0447,98,26,3,2024-10-14,8,157.87,0.1,1136.66,in-store
T0448,57,31,2,2024-10-15,1,175.42,0.05,166.65,in-store
T0449,4,30,2,2024-10-17,3,257.79,0.0,773.37,in-store
T0450,13,2,4,2024-10-18,5,298.98,0.0,1494.9,in-store
T0451,29,33,10,2024-10-20,6,161.38,0.05,919.87,in-store
T0452,65,25,17,2024-10-21,10,388.96,0.0,3889.6,click-and-collect
T0453,93,44,13,2024-10-23,10,336.67,0.15,2861.7,in-store
T0454,18,17,13,2024-10-24,6,472.17,0.05,2691.37,in-store
T0455,12,28,6,2024-10-26,4,432.23,0.0,1728.92,in-store
T0456,83,18,19,2024-10-27,2,67.76,0.15,115.19,in-store
T0457,60,31,20,2024-10-29,7,175.42,0.0,1227.94,in-store
T0458,69,48,8,2024-10-30,8,455.57,0.0,3644.56,in-store
T0459,33,16,12,2024-11-01,7,352.8,0.05,2346.12,in-store
T0460,94,9,9,2024-11-02,8,210.61,0.1,1516.39,online
T0461,63,40,7,2024-11-03,10,375.37,0.0,3753.7,in-store
T0462,63,5,6,2024-11-05,8,206.21,0.0,1649.68,in-store
T0463,84,24,19,2024-11-06,8,488.34,0.2,3125.38,in-store
T0464,23,16,17,2024-11-08,7,352.8,0.0,2469.6,in-store
T0465,70,16,17,2024-11-09,9,352.8,0.0,3175.2,in-store
T0466,56,33,4,2024-11-11,9,161.38,0.05,1379.8,in-store
T0467,51,19,9,2024-11-12,7,433.06,0.1,2728.28,in-store
T0468,78,14,8,2024-11-14,5,328.03,0.05,1558.14,click-and-collect
T0469,28,17,19,2024-11-15,7,472.17,0.0,3305.19,in-store
T0470,72,36,14,2024-11-17,4,407.1,0.15,1384.14,in-store
T0471,81,23,16,2024-11-18,1,246.97,0.0,246.97,in-store
T0472,35,35,19,2024-11-20,9,440.64,0.1,3569.18,in-store
T0473,24,50,1,2024-11-21,6,291.27,0.05,1660.24,online
T0474,66,22,17,2024-11-22,1,217.73,0.0,217.73,in-store
T0475,25,31,12,2024-11-24,2,175.42,0.2,280.67,online
T0476,94,42,2,2024-11-25,10,127.33,0.1,1145.97,in-store
T0477,9,20,19,2024-11-27,8,34.42,0.05,261.59,in-store
T0478,69,17,18,2024-11-28,2,472.17,0.0,944.34,click-and-collect
T0479,45,23,14,2024-11-30,5,246.97,0.0,1234.85,in-store
T0480,37,32,16,2024-12-01,4,497.47,0.0,1989.88,click-and-collect
T0481,56,30,8,2024-12-03,9,257.79,0.05,2204.1,online
T0482,92,28,10,2024-12-04,9,432.23,0.0,3890.07,online
T0483,15,10,17,2024-12-06,3,415.74,0.0,1247.22,in-store
T0484,83,4,12,2024-12-07,2,77.0,0.1,138.6,online
T0485,42,25,19,2024-12-09,10,388.96,0.05,3695.12,click-and-collect
T0486,86,18,9,2024-12-10,4,67.76,0.0,271.04,online
T0487,76,2,6,2024-12-11,1,298.98,0.0,298.98,online
T0488,11,29,2,2024-12-13,7,441.24,0.0,3088.68,in-store
T0489,23,9,20,2024-12-14,9,210.61,0.0,1895.49,in-store
T0490,30,49,7,2024-12-16,4,282.88,0.05,1074.94,click-and-collect
T0491,9,39,3,2024-12-17,7,463.22,0.0,3242.54,in-store
T0492,80,40,19,2024-12-19,9,375.37,0.0,3378.33,in-store
T0493,53,36,8,2024-12-20,7,407.1,0.0,2849.7,in-store
T0494,28,25,12,2024-12-22,3,388.96,0.0,1166.88,online
T0495,75,16,20,2024-12-23,8,352.8,0.0,2822.4,in-store
T0496,8,10,2,2024-12-25,6,415.74,0.0,2494.44,in-store
T0497,4,14,20,2024-12-26,2,328.03,0.1,590.45,in-store
T0498,69,14,12,2024-12-28,4,328.03,0.05,1246.51,online
T0499,76,36,11,2024-12-29,10,407.1,0.0,4071.0,in-store
T0500,80,3,13,2024-12-31,2,424.89,0.0,849.78,in-store
