commodity,week,close_price
Gold,2018-01-01,125.33
Gold,2018-01-08,126.96
Gold,2018-01-15,126.42
Gold,2018-01-22,128.07
Gold,2018-01-29,126.39
Gold,2018-02-05,124.77
Gold,2018-02-12,127.96
Gold,2018-02-19,126.14
Gold,2018-02-26,125.39
Gold,2018-03-05,125.54
Gold,2018-03-12,124.6
Gold,2018-03-19,127.61
Gold,2018-03-26,125.79
Gold,2018-04-02,126.39
Gold,2018-04-09,127.45
Gold,2018-04-16,126.63
Gold,2018-04-23,125.5
Gold,2018-04-30,124.54
Gold,2018-05-07,125.0
Gold,2018-05-14,122.41
Gold,2018-05-21,123.21
Gold,2018-05-28,122.49
Gold,2018-06-04,123.01
Gold,2018-06-11,121.34
Gold,2018-06-18,120.34
Gold,2018-06-25,118.65
Gold,2018-07-02,118.86
Gold,2018-07-09,117.61
Gold,2018-07-16,116.56
Gold,2018-07-23,115.83
Gold,2018-07-30,114.92
Gold,2018-08-06,114.69
Gold,2018-08-13,112.13
Gold,2018-08-20,114.16
Gold,2018-08-27,113.51
Gold,2018-09-03,113.23
Gold,2018-09-10,113.02
Gold,2018-09-17,113.49
Gold,2018-09-24,112.76
Gold,2018-10-01,113.8
Gold,2018-10-08,115.23
Gold,2018-10-15,116.01
Gold,2018-10-22,116.77
Gold,2018-10-29,116.65
Gold,2018-11-05,114.48
Gold,2018-11-12,115.62
Gold,2018-11-19,115.77
Gold,2018-11-26,115.54
Gold,2018-12-03,118.09
Gold,2018-12-10,117.06
Gold,2018-12-17,118.72
Gold,2018-12-24,121.06
Gold,2018-12-31,121.44
Gold,2019-01-07,121.8
Gold,2019-01-14,121.02
Gold,2019-01-21,122.86
Gold,2019-01-28,124.5
Gold,2019-02-04,124.21
Gold,2019-02-11,124.8
Gold,2019-02-18,125.5
Gold,2019-02-25,121.88
Gold,2019-03-04,122.84
Gold,2019-03-11,122.97
Gold,2019-03-18,123.97
Gold,2019-03-25,122.01
Gold,2019-04-01,121.98
Gold,2019-04-08,121.83
Gold,2019-04-15,120.37
Gold,2019-04-22,121.37
Gold,2019-04-29,120.65
Gold,2019-05-06,121.43
Gold,2019-05-13,120.65
Gold,2019-05-20,121.3
Gold,2019-05-27,123.33
Gold,2019-06-03,126.59
Gold,2019-06-10,126.56
Gold,2019-06-17,131.98
Gold,2019-06-24,133.2
Gold,2019-07-01,132.14
Gold,2019-07-08,133.53
Gold,2019-07-15,134.47
Gold,2019-07-22,133.64
Gold,2019-07-29,135.89
Gold,2019-08-05,141.26
Gold,2019-08-12,142.78
Gold,2019-08-19,144.17
Gold,2019-08-26,143.75
Gold,2019-09-02,141.92
Gold,2019-09-09,140.15
Gold,2019-09-16,142.95
Gold,2019-09-23,141.06
Gold,2019-09-30,141.9
Gold,2019-10-07,140.03
Gold,2019-10-14,140.46
Gold,2019-10-21,141.86
Gold,2019-10-28,142.56
Gold,2019-11-04,137.39
Gold,2019-11-11,138.21
Gold,2019-11-18,137.74
Gold,2019-11-25,137.86
Gold,2019-12-02,137.62
Gold,2019-12-09,139.05
Gold,2019-12-16,139.52
Gold,2019-12-23,142.33
Gold,2019-12-30,145.86
Gold,2020-01-06,146.91
Gold,2020-01-13,146.58
Gold,2020-01-20,147.98
Gold,2020-01-27,149.33
Gold,2020-02-03,147.79
Gold,2020-02-10,149.0
Gold,2020-02-17,154.7
Gold,2020-02-24,148.38
Gold,2020-03-02,157.55
Gold,2020-03-09,143.28
Gold,2020-03-16,140.11
Gold,2020-03-23,152.25
Gold,2020-03-30,152.65
Gold,2020-04-06,158.69
Gold,2020-04-13,158.57
Gold,2020-04-20,162.64
Gold,2020-04-27,159.78
Gold,2020-05-04,160.42
Gold,2020-05-11,163.93
Gold,2020-05-18,163.21
Gold,2020-05-25,162.91
Gold,2020-06-01,158.01
Gold,2020-06-08,162.62
Gold,2020-06-15,164.03
Gold,2020-06-22,166.54
Gold,2020-06-29,166.98
Gold,2020-07-06,169.19
Gold,2020-07-13,170.12
Gold,2020-07-20,178.7
Gold,2020-07-27,185.43
Gold,2020-08-03,190.81
Gold,2020-08-10,182.54
Gold,2020-08-17,182.03
Gold,2020-08-24,184.39
Gold,2020-08-31,181.64
Gold,2020-09-07,182.45
Gold,2020-09-14,183.2
Gold,2020-09-21,174.94
Gold,2020-09-28,178.54
Gold,2020-10-05,181.08
Gold,2020-10-12,178.3
Gold,2020-10-19,178.64
Gold,2020-10-26,176.2
Gold,2020-11-02,183.19
Gold,2020-11-09,177.16
Gold,2020-11-16,175.69
Gold,2020-11-23,167.79
Gold,2020-11-30,172.32
Gold,2020-12-07,172.49
Gold,2020-12-14,176.44
Gold,2020-12-21,176.35
Gold,2020-12-28,178.36
Gold,2021-01-04,173.34
Gold,2021-01-11,171.13
Gold,2021-01-18,173.9
Gold,2021-01-25,172.61
Gold,2021-02-01,169.81
Gold,2021-02-08,170.69
Gold,2021-02-15,167.01
Gold,2021-02-22,161.81
Gold,2021-03-01,159.14
Gold,2021-03-08,161.49
Gold,2021-03-15,163.24
Gold,2021-03-22,162.24
Gold,2021-03-29,161.98
Gold,2021-04-05,163.27
Gold,2021-04-12,166.35
Gold,2021-04-19,166.4
Gold,2021-04-26,165.66
Gold,2021-05-03,171.59
Gold,2021-05-10,172.69
Gold,2021-05-17,176.04
Gold,2021-05-24,178.38
Gold,2021-05-31,177.16
Gold,2021-06-07,175.74
Gold,2021-06-14,164.93
Gold,2021-06-21,166.59
Gold,2021-06-28,167.29
Gold,2021-07-05,169.21
Gold,2021-07-12,169.41
Gold,2021-07-19,168.56
Gold,2021-07-26,169.82
Gold,2021-08-02,164.64
Gold,2021-08-09,166.39
Gold,2021-08-16,166.7
Gold,2021-08-23,170.19
Gold,2021-08-30,171.06
Gold,2021-09-06,167.18
Gold,2021-09-13,163.77
Gold,2021-09-20,163.3
Gold,2021-09-27,164.59
Gold,2021-10-04,164.23
Gold,2021-10-11,165.33
Gold,2021-10-18,167.77
Gold,2021-10-25,166.65
Gold,2021-11-01,169.84
Gold,2021-11-08,174.45
Gold,2021-11-15,172.61
Gold,2021-11-22,166.85
Gold,2021-11-29,166.63
Gold,2021-12-06,166.58
Gold,2021-12-13,167.8
Gold,2021-12-20,168.97
Gold,2021-12-27,170.96
Gold,2022-01-03,167.75
Gold,2022-01-10,169.67
Gold,2022-01-17,171.09
Gold,2022-01-24,167.1
Gold,2022-01-31,168.86
Gold,2022-02-07,173.81
Gold,2022-02-14,177.12
Gold,2022-02-21,176.55
Gold,2022-02-28,183.68
Gold,2022-03-07,185.09
Gold,2022-03-14,179.3
Gold,2022-03-21,182.38
Gold,2022-03-28,179.5
Gold,2022-04-04,181.47
Gold,2022-04-11,184.04
Gold,2022-04-18,180.29
Gold,2022-04-25,176.91
Gold,2022-05-02,175.42
Gold,2022-05-09,168.79
Gold,2022-05-16,172.03
Gold,2022-05-23,172.85
Gold,2022-05-30,172.58
Gold,2022-06-06,174.54
Gold,2022-06-13,171.27
Gold,2022-06-20,170.09
Gold,2022-06-27,168.32
Gold,2022-07-04,162.3
Gold,2022-07-11,159.01
Gold,2022-07-18,160.67
Gold,2022-07-25,164.1
Gold,2022-08-01,165.29
Gold,2022-08-08,167.87
Gold,2022-08-15,162.72
Gold,2022-08-22,161.76
Gold,2022-08-29,159.26
Gold,2022-09-05,159.82
Gold,2022-09-12,155.84
Gold,2022-09-19,153.01
Gold,2022-09-26,154.67
Gold,2022-10-03,157.88
Gold,2022-10-10,152.98
Gold,2022-10-17,154.15
Gold,2022-10-24,153.16
Gold,2022-10-31,156.47
Gold,2022-11-07,164.56
Gold,2022-11-14,162.79
Gold,2022-11-21,163.22
Gold,2022-11-28,167.26
Gold,2022-12-05,167.06
Gold,2022-12-12,166.79
Gold,2022-12-19,167.26
Gold,2022-12-26,169.64
Gold,2023-01-02,173.71
Gold,2023-01-09,178.76
Gold,2023-01-16,179.29
Gold,2023-01-23,179.22
Gold,2023-01-30,173.46
Gold,2023-02-06,173.36
Gold,2023-02-13,171.26
Gold,2023-02-20,168.35
Gold,2023-02-27,172.49
Gold,2023-03-06,173.87
Gold,2023-03-13,183.77
Gold,2023-03-20,183.65
Gold,2023-03-27,183.22
Gold,2023-04-03,186.49
Gold,2023-04-10,186.36
Gold,2023-04-17,184.25
Gold,2023-04-24,184.8
Gold,2023-05-01,187.46
Gold,2023-05-08,186.81
Gold,2023-05-15,183.64
Gold,2023-05-22,180.92
Gold,2023-05-29,181.05
Gold,2023-06-05,182.04
Gold,2023-06-12,181.63
Gold,2023-06-19,178.2
Gold,2023-06-26,178.27
Gold,2023-07-03,178.64
Gold,2023-07-10,181.43
Gold,2023-07-17,182.18
Gold,2023-07-24,181.86
Gold,2023-07-31,180.19
Gold,2023-08-07,177.6
Gold,2023-08-14,175.33
Gold,2023-08-21,177.62
Gold,2023-08-28,180.11
Gold,2023-09-04,178.08
Gold,2023-09-11,178.34
Gold,2023-09-18,178.62
Gold,2023-09-25,171.45
Gold,2023-10-02,169.7
Gold,2023-10-09,178.83
Gold,2023-10-16,183.59
Gold,2023-10-23,186.15
Gold,2023-10-30,184.79
Gold,2023-11-06,179.51
Gold,2023-11-13,183.67
Gold,2023-11-20,185.52
Gold,2023-11-27,192.01
Gold,2023-12-04,185.64
Gold,2023-12-11,187.0
Gold,2023-12-18,190.27
Gold,2023-12-25,191.17
Gold,2024-01-01,189.35
Gold,2024-01-08,189.71
Gold,2024-01-15,187.93
Gold,2024-01-22,187.01
Gold,2024-01-29,188.61
Gold,2024-02-05,187.6
Gold,2024-02-12,186.34
Gold,2024-02-19,188.62
Gold,2024-02-26,192.89
Gold,2024-03-04,201.63
Gold,2024-03-11,199.71
Gold,2024-03-18,200.35
Gold,2024-03-25,205.72
Gold,2024-04-01,215.14
Gold,2024-04-08,216.89
Gold,2024-04-15,221.03
Gold,2024-04-22,216.62
Gold,2024-04-29,212.96
Gold,2024-05-06,218.71
Gold,2024-05-13,223.66
Gold,2024-05-20,215.92
Gold,2024-05-27,215.3
Oil,2018-01-01,98.48
Oil,2018-01-08,102.96
Oil,2018-01-15,101.76
Oil,2018-01-22,105.92
Oil,2018-01-29,104.32
Oil,2018-02-05,94.88
Oil,2018-02-12,99.04
Oil,2018-02-19,102.16
Oil,2018-02-26,98.96
Oil,2018-03-05,99.76
Oil,2018-03-12,100.4
Oil,2018-03-19,106.24
Oil,2018-03-26,104.72
Oil,2018-04-02,100.08
Oil,2018-04-09,108.4
Oil,2018-04-16,110.0
Oil,2018-04-23,109.84
Oil,2018-04-30,112.72
Oil,2018-05-07,114.0
Oil,2018-05-14,115.44
Oil,2018-05-21,109.44
Oil,2018-05-28,106.0
Oil,2018-06-04,106.16
Oil,2018-06-11,104.4
Oil,2018-06-18,112.16
Oil,2018-06-25,120.48
Oil,2018-07-02,119.68
Oil,2018-07-09,115.76
Oil,2018-07-16,113.2
Oil,2018-07-23,114.56
Oil,2018-07-30,114.16
Oil,2018-08-06,112.64
Oil,2018-08-13,109.52
Oil,2018-08-20,115.44
Oil,2018-08-27,117.68
Oil,2018-09-03,114.24
Oil,2018-09-10,116.0
Oil,2018-09-17,119.68
Oil,2018-09-24,124.16
Oil,2018-10-01,125.52
Oil,2018-10-08,120.96
Oil,2018-10-15,117.76
Oil,2018-10-22,114.64
Oil,2018-10-29,106.48
Oil,2018-11-05,101.6
Oil,2018-11-12,96.56
Oil,2018-11-19,86.64
Oil,2018-11-26,85.84
Oil,2018-12-03,88.88
Oil,2018-12-10,86.56
Oil,2018-12-17,76.56
Oil,2018-12-24,76.24
Oil,2018-12-31,81.44
Oil,2019-01-07,87.2
Oil,2019-01-14,90.48
Oil,2019-01-21,90.0
Oil,2019-01-28,93.04
Oil,2019-02-04,88.64
Oil,2019-02-11,93.68
Oil,2019-02-18,95.6
Oil,2019-02-25,93.28
Oil,2019-03-04,93.84
Oil,2019-03-11,97.6
Oil,2019-03-18,97.84
Oil,2019-03-25,100.0
Oil,2019-04-01,105.2
Oil,2019-04-08,106.4
Oil,2019-04-15,106.56
Oil,2019-04-22,104.72
Oil,2019-04-29,102.96
Oil,2019-05-06,102.72
Oil,2019-05-13,104.64
Oil,2019-05-20,97.84
Oil,2019-05-27,88.8
Oil,2019-06-03,89.84
Oil,2019-06-10,87.52
Oil,2019-06-17,95.76
Oil,2019-06-24,96.32
Oil,2019-07-01,95.6
Oil,2019-07-08,100.16
Oil,2019-07-15,93.36
Oil,2019-07-22,93.2
Oil,2019-07-29,91.84
Oil,2019-08-05,90.24
Oil,2019-08-12,91.2
Oil,2019-08-19,89.52
Oil,2019-08-26,91.68
Oil,2019-09-02,94.16
Oil,2019-09-09,91.52
Oil,2019-09-16,97.6
Oil,2019-09-23,93.28
Oil,2019-09-30,88.32
Oil,2019-10-07,91.36
Oil,2019-10-14,89.76
Oil,2019-10-21,94.64
Oil,2019-10-28,93.52
Oil,2019-11-04,95.92
Oil,2019-11-11,96.64
Oil,2019-11-18,96.88
Oil,2019-11-25,92.96
Oil,2019-12-02,98.56
Oil,2019-12-09,99.92
Oil,2019-12-16,101.04
Oil,2019-12-23,103.28
Oil,2019-12-30,105.44
Oil,2020-01-06,99.28
Oil,2020-01-13,98.64
Oil,2020-01-20,91.44
Oil,2020-01-27,86.72
Oil,2020-02-03,84.64
Oil,2020-02-10,87.6
Oil,2020-02-17,89.28
Oil,2020-02-24,75.6
Oil,2020-03-02,69.84
Oil,2020-03-09,55.68
Oil,2020-03-16,39.52
Oil,2020-03-23,35.76
Oil,2020-03-30,47.2
Oil,2020-04-06,39.84
Oil,2020-04-13,33.68
Oil,2020-04-20,20.56
Oil,2020-04-27,18.86
Oil,2020-05-04,21.47
Oil,2020-05-11,22.39
Oil,2020-05-18,25.57
Oil,2020-05-25,25.88
Oil,2020-06-01,28.87
Oil,2020-06-08,26.43
Oil,2020-06-15,28.23
Oil,2020-06-22,27.36
Oil,2020-06-29,28.75
Oil,2020-07-06,29.03
Oil,2020-07-13,29.1
Oil,2020-07-20,29.44
Oil,2020-07-27,29.07
Oil,2020-08-03,29.85
Oil,2020-08-10,30.33
Oil,2020-08-17,30.18
Oil,2020-08-24,30.72
Oil,2020-08-31,28.51
Oil,2020-09-07,27.04
Oil,2020-09-14,29.06
Oil,2020-09-21,28.35
Oil,2020-09-28,26.35
Oil,2020-10-05,28.69
Oil,2020-10-12,28.72
Oil,2020-10-19,27.88
Oil,2020-10-26,25.25
Oil,2020-11-02,26.47
Oil,2020-11-09,28.13
Oil,2020-11-16,29.27
Oil,2020-11-23,31.22
Oil,2020-11-30,31.56
Oil,2020-12-07,31.94
Oil,2020-12-14,33.48
Oil,2020-12-21,32.92
Oil,2020-12-28,33.01
Oil,2021-01-04,35.43
Oil,2021-01-11,35.34
Oil,2021-01-18,35.23
Oil,2021-01-25,35.18
Oil,2021-02-01,38.19
Oil,2021-02-08,39.94
Oil,2021-02-15,39.68
Oil,2021-02-22,41.31
Oil,2021-03-01,44.44
Oil,2021-03-08,44.35
Oil,2021-03-15,41.77
Oil,2021-03-22,41.53
Oil,2021-03-29,41.84
Oil,2021-04-05,40.64
Oil,2021-04-12,43.18
Oil,2021-04-19,42.46
Oil,2021-04-26,43.27
Oil,2021-05-03,44.43
Oil,2021-05-10,44.71
Oil,2021-05-17,43.7
Oil,2021-05-24,45.42
Oil,2021-05-31,47.26
Oil,2021-06-07,48.07
Oil,2021-06-14,48.36
Oil,2021-06-21,50.25
Oil,2021-06-28,50.93
Oil,2021-07-05,50.41
Oil,2021-07-12,49.14
Oil,2021-07-19,49.47
Oil,2021-07-26,50.66
Oil,2021-08-02,47.57
Oil,2021-08-09,47.43
Oil,2021-08-16,43.43
Oil,2021-08-23,48.15
Oil,2021-08-30,48.66
Oil,2021-09-06,48.8
Oil,2021-09-13,50.32
Oil,2021-09-20,51.82
Oil,2021-09-27,53.26
Oil,2021-10-04,55.47
Oil,2021-10-11,57.15
Oil,2021-10-18,58.03
Oil,2021-10-25,57.15
Oil,2021-11-01,56.55
Oil,2021-11-08,55.98
Oil,2021-11-15,53.78
Oil,2021-11-22,49.63
Oil,2021-11-29,48.0
Oil,2021-12-06,52.03
Oil,2021-12-13,50.78
Oil,2021-12-20,53.13
Oil,2021-12-27,54.36
Oil,2022-01-03,56.67
Oil,2022-01-10,59.97
Oil,2022-01-17,60.78
Oil,2022-01-24,61.97
Oil,2022-01-31,64.91
Oil,2022-02-07,65.74
Oil,2022-02-14,64.74
Oil,2022-02-21,65.8
Oil,2022-02-28,79.46
Oil,2022-03-07,76.4
Oil,2022-03-14,74.64
Oil,2022-03-21,80.74
Oil,2022-03-28,74.17
Oil,2022-04-04,74.11
Oil,2022-04-11,79.57
Oil,2022-04-18,76.31
Oil,2022-04-25,77.16
Oil,2022-05-02,82.13
Oil,2022-05-09,81.28
Oil,2022-05-16,81.65
Oil,2022-05-23,85.46
Oil,2022-05-30,89.47
Oil,2022-06-06,90.13
Oil,2022-06-13,83.34
Oil,2022-06-20,81.27
Oil,2022-06-27,81.67
Oil,2022-07-04,78.54
Oil,2022-07-11,73.74
Oil,2022-07-18,74.53
Oil,2022-07-25,78.05
Oil,2022-08-01,71.54
Oil,2022-08-08,74.98
Oil,2022-08-15,74.06
Oil,2022-08-22,75.85
Oil,2022-08-29,71.43
Oil,2022-09-05,71.1
Oil,2022-09-12,69.9
Oil,2022-09-19,65.32
Oil,2022-09-26,65.28
Oil,2022-10-03,75.1
Oil,2022-10-10,70.17
Oil,2022-10-17,70.57
Oil,2022-10-24,72.82
Oil,2022-10-31,76.82
Oil,2022-11-07,74.38
Oil,2022-11-14,69.03
Oil,2022-11-21,66.96
Oil,2022-11-28,69.84
Oil,2022-12-05,62.85
Oil,2022-12-12,64.9
Oil,2022-12-19,69.32
Oil,2022-12-26,70.11
Oil,2023-01-02,64.83
Oil,2023-01-09,70.05
Oil,2023-01-16,71.55
Oil,2023-01-23,69.5
Oil,2023-01-30,64.4
Oil,2023-02-06,69.87
Oil,2023-02-13,67.02
Oil,2023-02-20,67.1
Oil,2023-02-27,69.86
Oil,2023-03-06,67.14
Oil,2023-03-13,58.66
Oil,2023-03-20,60.96
Oil,2023-03-27,66.44
Oil,2023-04-03,70.26
Oil,2023-04-10,72.09
Oil,2023-04-17,68.21
Oil,2023-04-24,67.5
Oil,2023-05-01,63.03
Oil,2023-05-08,62.07
Oil,2023-05-15,63.9
Oil,2023-05-22,64.8
Oil,2023-05-29,64.15
Oil,2023-06-05,62.93
Oil,2023-06-12,64.35
Oil,2023-06-19,62.42
Oil,2023-06-26,63.55
Oil,2023-07-03,65.85
Oil,2023-07-10,67.47
Oil,2023-07-17,68.99
Oil,2023-07-24,72.09
Oil,2023-07-31,73.79
Oil,2023-08-07,74.25
Oil,2023-08-14,72.79
Oil,2023-08-21,72.45
Oil,2023-08-28,76.92
Oil,2023-09-04,78.3
Oil,2023-09-11,81.29
Oil,2023-09-18,80.63
Oil,2023-09-25,80.86
Oil,2023-10-02,74.16
Oil,2023-10-09,78.99
Oil,2023-10-16,80.7
Oil,2023-10-23,78.36
Oil,2023-10-30,74.85
Oil,2023-11-06,71.79
Oil,2023-11-13,70.75
Oil,2023-11-20,70.82
Oil,2023-11-27,69.24
Oil,2023-12-04,66.53
Oil,2023-12-11,67.15
Oil,2023-12-18,68.69
Oil,2023-12-25,66.65
Oil,2024-01-01,69.03
Oil,2024-01-08,68.02
Oil,2024-01-15,68.82
Oil,2024-01-22,73.1
Oil,2024-01-29,67.51
Oil,2024-02-05,71.67
Oil,2024-02-12,73.41
Oil,2024-02-19,71.92
Oil,2024-02-26,74.96
Oil,2024-03-04,73.36
Oil,2024-03-11,76.33
Oil,2024-03-18,76.68
Oil,2024-03-25,78.73
Oil,2024-04-01,82.4
Oil,2024-04-08,81.53
Oil,2024-04-15,78.85
Oil,2024-04-22,80.39
Oil,2024-04-29,75.13
Oil,2024-05-06,75.3
Oil,2024-05-13,76.97
Oil,2024-05-20,75.35
Oil,2024-05-27,74.82
Silver,2018-01-01,16.22
Silver,2018-01-08,16.27
Silver,2018-01-15,16.05
Silver,2018-01-22,16.41
Silver,2018-01-29,15.66
Silver,2018-02-05,15.39
Silver,2018-02-12,15.73
Silver,2018-02-19,15.59
Silver,2018-02-26,15.56
Silver,2018-03-05,15.63
Silver,2018-03-12,15.39
Silver,2018-03-19,15.58
Silver,2018-03-26,15.41
Silver,2018-04-02,15.43
Silver,2018-04-09,15.68
Silver,2018-04-16,16.13
Silver,2018-04-23,15.57
Silver,2018-04-30,15.54
Silver,2018-05-07,15.7
Silver,2018-05-14,15.48
Silver,2018-05-21,15.53
Silver,2018-05-28,15.44
Silver,2018-06-04,15.78
Silver,2018-06-11,15.6
Silver,2018-06-18,15.5
Silver,2018-06-25,15.15
Silver,2018-07-02,15.08
Silver,2018-07-09,14.88
Silver,2018-07-16,14.59
Silver,2018-07-23,14.57
Silver,2018-07-30,14.5
Silver,2018-08-06,14.41
Silver,2018-08-13,13.92
Silver,2018-08-20,13.92
Silver,2018-08-27,13.65
Silver,2018-09-03,13.32
Silver,2018-09-10,13.23
Silver,2018-09-17,13.44
Silver,2018-09-24,13.73
Silver,2018-10-01,13.75
Silver,2018-10-08,13.74
Silver,2018-10-15,13.74
Silver,2018-10-22,13.81
Silver,2018-10-29,13.86
Silver,2018-11-05,13.32
Silver,2018-11-12,13.53
Silver,2018-11-19,13.42
Silver,2018-11-26,13.32
Silver,2018-12-03,13.73
Silver,2018-12-10,13.7
Silver,2018-12-17,13.74
Silver,2018-12-24,14.42
Silver,2018-12-31,14.73
Silver,2019-01-07,14.64
Silver,2019-01-14,14.37
Silver,2019-01-21,14.74
Silver,2019-01-28,14.92
Silver,2019-02-04,14.83
Silver,2019-02-11,14.82
Silver,2019-02-18,14.95
Silver,2019-02-25,14.2
Silver,2019-03-04,14.41
Silver,2019-03-11,14.33
Silver,2019-03-18,14.45
Silver,2019-03-25,14.18
Silver,2019-04-01,14.17
Silver,2019-04-08,14.05
Silver,2019-04-15,14.06
Silver,2019-04-22,14.1
Silver,2019-04-29,13.96
Silver,2019-05-06,13.84
Silver,2019-05-13,13.52
Silver,2019-05-20,13.65
Silver,2019-05-27,13.65
Silver,2019-06-03,14.06
Silver,2019-06-10,13.91
Silver,2019-06-17,14.36
Silver,2019-06-24,14.33
Silver,2019-07-01,14.06
Silver,2019-07-08,14.26
Silver,2019-07-15,15.17
Silver,2019-07-22,15.31
Silver,2019-07-29,15.19
Silver,2019-08-05,15.89
Silver,2019-08-12,16.02
Silver,2019-08-19,16.35
Silver,2019-08-26,17.15
Silver,2019-09-02,16.87
Silver,2019-09-09,16.31
Silver,2019-09-16,16.8
Silver,2019-09-23,16.36
Silver,2019-09-30,16.41
Silver,2019-10-07,16.37
Silver,2019-10-14,16.41
Silver,2019-10-21,16.89
Silver,2019-10-28,16.92
Silver,2019-11-04,15.7
Silver,2019-11-11,15.85
Silver,2019-11-18,15.9
Silver,2019-11-25,15.92
Silver,2019-12-02,15.48
Silver,2019-12-09,15.84
Silver,2019-12-16,16.04
Silver,2019-12-23,16.58
Silver,2019-12-30,16.84
Silver,2020-01-06,16.89
Silver,2020-01-13,16.82
Silver,2020-01-20,16.91
Silver,2020-01-27,16.82
Silver,2020-02-03,16.54
Silver,2020-02-10,16.56
Silver,2020-02-17,17.28
Silver,2020-02-24,15.53
Silver,2020-03-02,16.18
Silver,2020-03-09,13.69
Silver,2020-03-16,11.62
Silver,2020-03-23,13.44
Silver,2020-03-30,13.46
Silver,2020-04-06,14.34
Silver,2020-04-13,14.15
Silver,2020-04-20,14.21
Silver,2020-04-27,13.92
Silver,2020-05-04,14.44
Silver,2020-05-11,15.51
Silver,2020-05-18,16.04
Silver,2020-05-25,16.66
Silver,2020-06-01,16.2
Silver,2020-06-08,16.28
Silver,2020-06-15,16.49
Silver,2020-06-22,16.63
Silver,2020-06-29,16.71
Silver,2020-07-06,17.43
Silver,2020-07-13,18.01
Silver,2020-07-20,21.21
Silver,2020-07-27,22.65
Silver,2020-08-03,26.19
Silver,2020-08-10,24.58
Silver,2020-08-17,24.9
Silver,2020-08-24,25.61
Silver,2020-08-31,25.06
Silver,2020-09-07,24.9
Silver,2020-09-14,24.93
Silver,2020-09-21,21.3
Silver,2020-09-28,22.13
Silver,2020-10-05,23.41
Silver,2020-10-12,22.42
Silver,2020-10-19,22.94
Silver,2020-10-26,21.99
Silver,2020-11-02,23.79
Silver,2020-11-09,22.9
Silver,2020-11-16,22.49
Silver,2020-11-23,21.05
Silver,2020-11-30,22.48
Silver,2020-12-07,22.26
Silver,2020-12-14,23.96
Silver,2020-12-21,23.96
Silver,2020-12-28,24.57
Silver,2021-01-04,23.51
Silver,2021-01-11,22.95
Silver,2021-01-18,23.66
Silver,2021-01-25,24.99
Silver,2021-02-01,24.95
Silver,2021-02-08,25.31
Silver,2021-02-15,25.26
Silver,2021-02-22,24.66
Silver,2021-03-01,23.36
Silver,2021-03-08,24.03
Silver,2021-03-15,24.31
Silver,2021-03-22,23.23
Silver,2021-03-29,23.15
Silver,2021-04-05,23.41
Silver,2021-04-12,24.09
Silver,2021-04-19,24.14
Silver,2021-04-26,24.01
Silver,2021-05-03,25.47
Silver,2021-05-10,25.46
Silver,2021-05-17,25.53
Silver,2021-05-24,25.9
Silver,2021-05-31,25.78
Silver,2021-06-07,25.87
Silver,2021-06-14,23.88
Silver,2021-06-21,24.18
Silver,2021-06-28,24.55
Silver,2021-07-05,24.19
Silver,2021-07-12,23.77
Silver,2021-07-19,23.35
Silver,2021-07-26,23.63
Silver,2021-08-02,22.52
Silver,2021-08-09,21.97
Silver,2021-08-16,21.35
Silver,2021-08-23,22.33
Silver,2021-08-30,22.88
Silver,2021-09-06,21.99
Silver,2021-09-13,20.74
Silver,2021-09-20,20.71
Silver,2021-09-27,20.83
Silver,2021-10-04,20.95
Silver,2021-10-11,21.58
Silver,2021-10-18,22.54
Silver,2021-10-25,22.09
Silver,2021-11-01,22.35
Silver,2021-11-08,23.42
Silver,2021-11-15,22.75
Silver,2021-11-22,21.37
Silver,2021-11-29,20.85
Silver,2021-12-06,20.5
Silver,2021-12-13,20.68
Silver,2021-12-20,21.16
Silver,2021-12-27,21.51
Silver,2022-01-03,20.62
Silver,2022-01-10,21.2
Silver,2022-01-17,22.38
Silver,2022-01-24,20.71
Silver,2022-01-31,20.79
Silver,2022-02-07,21.83
Silver,2022-02-14,22.12
Silver,2022-02-21,22.4
Silver,2022-02-28,23.64
Silver,2022-03-07,23.87
Silver,2022-03-14,23.02
Silver,2022-03-21,23.48
Silver,2022-03-28,22.74
Silver,2022-04-04,22.82
Silver,2022-04-11,23.64
Silver,2022-04-18,22.31
Silver,2022-04-25,21.04
Silver,2022-05-02,20.66
Silver,2022-05-09,19.42
Silver,2022-05-16,20.07
Silver,2022-05-23,20.36
Silver,2022-05-30,20.23
Silver,2022-06-06,20.19
Silver,2022-06-13,19.98
Silver,2022-06-20,19.51
Silver,2022-06-27,18.31
Silver,2022-07-04,17.79
Silver,2022-07-11,17.19
Silver,2022-07-18,17.14
Silver,2022-07-25,18.7
Silver,2022-08-01,18.33
Silver,2022-08-08,19.17
Silver,2022-08-15,17.55
Silver,2022-08-22,17.36
Silver,2022-08-29,16.57
Silver,2022-09-05,17.32
Silver,2022-09-12,17.99
Silver,2022-09-19,17.36
Silver,2022-09-26,17.5
Silver,2022-10-03,18.5
Silver,2022-10-10,16.81
Silver,2022-10-17,17.76
Silver,2022-10-24,17.74
Silver,2022-10-31,19.26
Silver,2022-11-07,19.95
Silver,2022-11-14,19.25
Silver,2022-11-21,19.72
Silver,2022-11-28,21.29
Silver,2022-12-05,21.56
Silver,2022-12-12,21.37
Silver,2022-12-19,21.85
Silver,2022-12-26,22.02
Silver,2023-01-02,21.92
Silver,2023-01-09,22.33
Silver,2023-01-16,22.02
Silver,2023-01-23,21.68
Silver,2023-01-30,20.57
Silver,2023-02-06,20.24
Silver,2023-02-13,20.01
Silver,2023-02-20,19.09
Silver,2023-02-27,19.55
Silver,2023-03-06,18.86
Silver,2023-03-13,20.63
Silver,2023-03-20,21.22
Silver,2023-03-27,22.12
Silver,2023-04-03,22.89
Silver,2023-04-10,23.31
Silver,2023-04-17,22.98
Silver,2023-04-24,23.0
Silver,2023-05-01,23.57
Silver,2023-05-08,22.02
Silver,2023-05-15,21.86
Silver,2023-05-22,21.38
Silver,2023-05-29,21.69
Silver,2023-06-05,22.27
Silver,2023-06-12,22.18
Silver,2023-06-19,20.58
Silver,2023-06-26,20.89
Silver,2023-07-03,21.18
Silver,2023-07-10,22.86
Silver,2023-07-17,22.57
Silver,2023-07-24,22.32
Silver,2023-07-31,21.66
Silver,2023-08-07,20.8
Silver,2023-08-14,20.87
Silver,2023-08-21,22.22
Silver,2023-08-28,22.17
Silver,2023-09-04,21.01
Silver,2023-09-11,21.11
Silver,2023-09-18,21.58
Silver,2023-09-25,20.34
Silver,2023-10-02,19.73
Silver,2023-10-09,20.78
Silver,2023-10-16,21.4
Silver,2023-10-23,21.18
Silver,2023-10-30,21.22
Silver,2023-11-06,20.34
Silver,2023-11-13,21.75
Silver,2023-11-20,22.27
Silver,2023-11-27,23.33
Silver,2023-12-04,21.1
Silver,2023-12-11,21.83
Silver,2023-12-18,22.12
Silver,2023-12-25,21.78
Silver,2024-01-01,21.21
Silver,2024-01-08,21.19
Silver,2024-01-15,20.67
Silver,2024-01-22,20.86
Silver,2024-01-29,20.75
Silver,2024-02-05,20.68
Silver,2024-02-12,21.39
Silver,2024-02-19,20.99
Silver,2024-02-26,21.17
Silver,2024-03-04,22.23
Silver,2024-03-11,23.03
Silver,2024-03-18,22.56
Silver,2024-03-25,22.75
Silver,2024-04-01,25.03
Silver,2024-04-08,25.63
Silver,2024-04-15,26.2
Silver,2024-04-22,24.89
Silver,2024-04-29,24.22
Silver,2024-05-06,25.77
Silver,2024-05-13,28.79
Silver,2024-05-20,27.74
Silver,2024-05-27,27.76
Copper,2018-01-01,20.62
Copper,2018-01-08,20.59
Copper,2018-01-15,20.34
Copper,2018-01-22,20.46
Copper,2018-01-29,20.26
Copper,2018-02-05,19.5
Copper,2018-02-12,20.65
Copper,2018-02-19,20.54
Copper,2018-02-26,19.95
Copper,2018-03-05,20.0
Copper,2018-03-12,19.75
Copper,2018-03-19,19.05
Copper,2018-03-26,19.2
Copper,2018-04-02,19.42
Copper,2018-04-09,19.56
Copper,2018-04-16,20.02
Copper,2018-04-23,19.53
Copper,2018-04-30,19.54
Copper,2018-05-07,19.76
Copper,2018-05-14,19.57
Copper,2018-05-21,19.69
Copper,2018-05-28,19.65
Copper,2018-06-04,20.92
Copper,2018-06-11,19.93
Copper,2018-06-18,19.27
Copper,2018-06-25,18.71
Copper,2018-07-02,17.8
Copper,2018-07-09,17.56
Copper,2018-07-16,17.38
Copper,2018-07-23,17.64
Copper,2018-07-30,17.41
Copper,2018-08-06,17.32
Copper,2018-08-13,16.82
Copper,2018-08-20,17.03
Copper,2018-08-27,16.72
Copper,2018-09-03,16.38
Copper,2018-09-10,16.44
Copper,2018-09-17,17.85
Copper,2018-09-24,17.58
Copper,2018-10-01,17.35
Copper,2018-10-08,17.68
Copper,2018-10-15,17.46
Copper,2018-10-22,17.19
Copper,2018-10-29,17.64
Copper,2018-11-05,16.84
Copper,2018-11-12,17.5
Copper,2018-11-19,17.34
Copper,2018-11-26,17.42
Copper,2018-12-03,17.23
Copper,2018-12-10,17.22
Copper,2018-12-17,16.64
Copper,2018-12-24,16.73
Copper,2018-12-31,16.52
Copper,2019-01-07,16.6
Copper,2019-01-14,16.98
Copper,2019-01-21,17.07
Copper,2019-01-28,17.32
Copper,2019-02-04,17.58
Copper,2019-02-11,17.59
Copper,2019-02-18,18.44
Copper,2019-02-25,18.26
Copper,2019-03-04,18.14
Copper,2019-03-11,18.21
Copper,2019-03-18,17.84
Copper,2019-03-25,18.32
Copper,2019-04-01,18.1
Copper,2019-04-08,18.41
Copper,2019-04-15,18.3
Copper,2019-04-22,18.11
Copper,2019-04-29,17.64
Copper,2019-05-06,17.36
Copper,2019-05-13,17.08
Copper,2019-05-20,16.91
Copper,2019-05-27,16.47
Copper,2019-06-03,16.37
Copper,2019-06-10,16.43
Copper,2019-06-17,16.83
Copper,2019-06-24,16.96
Copper,2019-07-01,16.65
Copper,2019-07-08,16.86
Copper,2019-07-15,17.17
Copper,2019-07-22,16.85
Copper,2019-07-29,16.12
Copper,2019-08-05,16.26
Copper,2019-08-12,16.23
Copper,2019-08-19,15.88
Copper,2019-08-26,16.0
Copper,2019-09-02,16.43
Copper,2019-09-09,16.92
Copper,2019-09-16,16.25
Copper,2019-09-23,16.29
Copper,2019-09-30,16.07
Copper,2019-10-07,16.47
Copper,2019-10-14,16.53
Copper,2019-10-21,16.83
Copper,2019-10-28,16.67
Copper,2019-11-04,16.89
Copper,2019-11-11,16.61
Copper,2019-11-18,16.61
Copper,2019-11-25,16.65
Copper,2019-12-02,17.23
Copper,2019-12-09,17.45
Copper,2019-12-16,17.55
Copper,2019-12-23,17.7
Copper,2019-12-30,17.45
Copper,2020-01-06,17.62
Copper,2020-01-13,17.87
Copper,2020-01-20,16.84
Copper,2020-01-27,15.78
Copper,2020-02-03,16.02
Copper,2020-02-10,16.33
Copper,2020-02-17,16.31
Copper,2020-02-24,15.88
Copper,2020-03-02,16.01
Copper,2020-03-09,15.57
Copper,2020-03-16,13.32
Copper,2020-03-23,13.59
Copper,2020-03-30,13.69
Copper,2020-04-06,14.62
Copper,2020-04-13,14.75
Copper,2020-04-20,14.77
Copper,2020-04-27,14.55
Copper,2020-05-04,15.3
Copper,2020-05-11,14.85
Copper,2020-05-18,15.15
Copper,2020-05-25,15.51
Copper,2020-06-01,16.04
Copper,2020-06-08,16.38
Copper,2020-06-15,16.55
Copper,2020-06-22,16.81
Copper,2020-06-29,17.11
Copper,2020-07-06,18.17
Copper,2020-07-13,18.06
Copper,2020-07-20,18.05
Copper,2020-07-27,17.95
Copper,2020-08-03,17.47
Copper,2020-08-10,17.79
Copper,2020-08-17,18.32
Copper,2020-08-24,18.81
Copper,2020-08-31,19.07
Copper,2020-09-07,18.85
Copper,2020-09-14,19.21
Copper,2020-09-21,18.42
Copper,2020-09-28,18.3
Copper,2020-10-05,19.05
Copper,2020-10-12,18.99
Copper,2020-10-19,19.45
Copper,2020-10-26,18.92
Copper,2020-11-02,19.56
Copper,2020-11-09,19.68
Copper,2020-11-16,20.4
Copper,2020-11-23,21.11
Copper,2020-11-30,21.8
Copper,2020-12-07,21.9
Copper,2020-12-14,22.45
Copper,2020-12-21,22.01
Copper,2020-12-28,21.73
Copper,2021-01-04,22.86
Copper,2021-01-11,22.24
Copper,2021-01-18,22.35
Copper,2021-01-25,21.91
Copper,2021-02-01,22.45
Copper,2021-02-08,23.38
Copper,2021-02-15,25.11
Copper,2021-02-22,25.1
Copper,2021-03-01,25.18
Copper,2021-03-08,25.58
Copper,2021-03-15,25.22
Copper,2021-03-22,25.08
Copper,2021-03-29,24.76
Copper,2021-04-05,25.04
Copper,2021-04-12,25.78
Copper,2021-04-19,26.71
Copper,2021-04-26,27.43
Copper,2021-05-03,29.17
Copper,2021-05-10,28.67
Copper,2021-05-17,27.75
Copper,2021-05-24,28.85
Copper,2021-05-31,27.83
Copper,2021-06-07,28.0
Copper,2021-06-14,25.5
Copper,2021-06-21,26.38
Copper,2021-06-28,26.2
Copper,2021-07-05,26.62
Copper,2021-07-12,26.33
Copper,2021-07-19,27.19
Copper,2021-07-26,27.38
Copper,2021-08-02,26.5
Copper,2021-08-09,26.81
Copper,2021-08-16,25.3
Copper,2021-08-23,26.58
Copper,2021-08-30,26.46
Copper,2021-09-06,27.1
Copper,2021-09-13,26.06
Copper,2021-09-20,26.18
Copper,2021-09-27,25.74
Copper,2021-10-04,26.17
Copper,2021-10-11,28.95
Copper,2021-10-18,27.53
Copper,2021-10-25,26.84
Copper,2021-11-01,26.57
Copper,2021-11-08,27.19
Copper,2021-11-15,26.77
Copper,2021-11-22,26.28
Copper,2021-11-29,26.08
Copper,2021-12-06,26.21
Copper,2021-12-13,26.16
Copper,2021-12-20,26.83
Copper,2021-12-27,27.21
Copper,2022-01-03,26.89
Copper,2022-01-10,27.1
Copper,2022-01-17,27.45
Copper,2022-01-24,26.4
Copper,2022-01-31,27.45
Copper,2022-02-07,27.14
Copper,2022-02-14,27.56
Copper,2022-02-21,27.44
Copper,2022-02-28,29.9
Copper,2022-03-07,28.0
Copper,2022-03-14,28.72
Copper,2022-03-21,28.61
Copper,2022-03-28,28.65
Copper,2022-04-04,28.67
Copper,2022-04-11,28.59
Copper,2022-04-18,27.83
Copper,2022-04-25,26.45
Copper,2022-05-02,25.75
Copper,2022-05-09,25.25
Copper,2022-05-16,25.97
Copper,2022-05-23,26.18
Copper,2022-05-30,27.06
Copper,2022-06-06,26.04
Copper,2022-06-13,24.37
Copper,2022-06-20,22.6
Copper,2022-06-27,21.82
Copper,2022-07-04,21.26
Copper,2022-07-11,19.51
Copper,2022-07-18,20.06
Copper,2022-07-25,21.7
Copper,2022-08-01,21.57
Copper,2022-08-08,22.2
Copper,2022-08-15,22.1
Copper,2022-08-22,22.19
Copper,2022-08-29,20.45
Copper,2022-09-05,21.37
Copper,2022-09-12,21.31
Copper,2022-09-19,20.12
Copper,2022-09-26,20.45
Copper,2022-10-03,20.34
Copper,2022-10-10,20.54
Copper,2022-10-17,20.98
Copper,2022-10-24,20.74
Copper,2022-10-31,22.39
Copper,2022-11-07,23.73
Copper,2022-11-14,21.96
Copper,2022-11-21,21.81
Copper,2022-11-28,23.3
Copper,2022-12-05,23.23
Copper,2022-12-12,22.78
Copper,2022-12-19,23.06
Copper,2022-12-26,23.09
Copper,2023-01-02,23.79
Copper,2023-01-09,25.55
Copper,2023-01-16,25.93
Copper,2023-01-23,25.62
Copper,2023-01-30,24.56
Copper,2023-02-06,24.42
Copper,2023-02-13,25.06
Copper,2023-02-20,24.06
Copper,2023-02-27,24.85
Copper,2023-03-06,24.4
Copper,2023-03-13,23.75
Copper,2023-03-20,24.84
Copper,2023-03-27,24.94
Copper,2023-04-03,24.58
Copper,2023-04-10,25.14
Copper,2023-04-17,24.43
Copper,2023-04-24,23.85
Copper,2023-05-01,23.91
Copper,2023-05-08,22.9
Copper,2023-05-15,22.93
Copper,2023-05-22,22.61
Copper,2023-05-29,22.98
Copper,2023-06-05,23.28
Copper,2023-06-12,23.87
Copper,2023-06-19,23.54
Copper,2023-06-26,23.2
Copper,2023-07-03,23.31
Copper,2023-07-10,24.2
Copper,2023-07-17,23.56
Copper,2023-07-24,24.33
Copper,2023-07-31,23.89
Copper,2023-08-07,23.08
Copper,2023-08-14,22.98
Copper,2023-08-21,23.24
Copper,2023-08-28,23.71
Copper,2023-09-04,22.87
Copper,2023-09-11,23.44
Copper,2023-09-18,22.84
Copper,2023-09-25,23.02
Copper,2023-10-02,22.45
Copper,2023-10-09,22.14
Copper,2023-10-16,22.08
Copper,2023-10-23,22.66
Copper,2023-10-30,22.85
Copper,2023-11-06,22.45
Copper,2023-11-13,23.29
Copper,2023-11-20,23.73
Copper,2023-11-27,24.24
Copper,2023-12-04,23.73
Copper,2023-12-11,23.95
Copper,2023-12-18,24.09
Copper,2023-12-25,24.14
Copper,2024-01-01,23.65
Copper,2024-01-08,23.25
Copper,2024-01-15,23.61
Copper,2024-01-22,24.02
Copper,2024-01-29,23.79
Copper,2024-02-05,22.95
Copper,2024-02-12,23.84
Copper,2024-02-19,24.13
Copper,2024-02-26,24.01
Copper,2024-03-04,24.25
Copper,2024-03-11,25.71
Copper,2024-03-18,24.98
Copper,2024-03-25,25.12
Copper,2024-04-01,26.54
Copper,2024-04-08,26.71
Copper,2024-04-15,28.1
Copper,2024-04-22,28.55
Copper,2024-04-29,28.37
Copper,2024-05-06,28.81
Copper,2024-05-13,31.19
Copper,2024-05-20,29.23
Copper,2024-05-27,28.42
Wheat,2018-01-01,30.1
Wheat,2018-01-08,29.6
Wheat,2018-01-15,29.85
Wheat,2018-01-22,30.9
Wheat,2018-01-29,31.25
Wheat,2018-02-05,31.35
Wheat,2018-02-12,32.15
Wheat,2018-02-19,31.65
Wheat,2018-02-26,33.9
Wheat,2018-03-05,33.35
Wheat,2018-03-12,31.95
Wheat,2018-03-19,31.4
Wheat,2018-03-26,31.0
Wheat,2018-04-02,32.1
Wheat,2018-04-09,32.45
Wheat,2018-04-16,31.6
Wheat,2018-04-23,32.9
Wheat,2018-04-30,34.4
Wheat,2018-05-07,32.9
Wheat,2018-05-14,34.0
Wheat,2018-05-21,35.3
Wheat,2018-05-28,34.3
Wheat,2018-06-04,34.3
Wheat,2018-06-11,32.85
Wheat,2018-06-18,32.05
Wheat,2018-06-25,31.9
Wheat,2018-07-02,32.6
Wheat,2018-07-09,31.4
Wheat,2018-07-16,32.6
Wheat,2018-07-23,33.4
Wheat,2018-07-30,35.15
Wheat,2018-08-06,34.6
Wheat,2018-08-13,35.25
Wheat,2018-08-20,32.75
Wheat,2018-08-27,33.35
Wheat,2018-09-03,31.5
Wheat,2018-09-10,31.6
Wheat,2018-09-17,32.0
Wheat,2018-09-24,31.25
Wheat,2018-10-01,32.1
Wheat,2018-10-08,31.9
Wheat,2018-10-15,31.55
Wheat,2018-10-22,31.1
Wheat,2018-10-29,31.0
Wheat,2018-11-05,30.25
Wheat,2018-11-12,30.4
Wheat,2018-11-19,29.85
Wheat,2018-11-26,30.35
Wheat,2018-12-03,31.1
Wheat,2018-12-10,31.05
Wheat,2018-12-17,30.15
Wheat,2018-12-24,30.15
Wheat,2018-12-31,30.3
Wheat,2019-01-07,30.4
Wheat,2019-01-14,30.15
Wheat,2019-01-21,30.5
Wheat,2019-01-28,30.45
Wheat,2019-02-04,29.95
Wheat,2019-02-11,29.25
Wheat,2019-02-18,28.4
Wheat,2019-02-25,26.7
Wheat,2019-03-04,25.65
Wheat,2019-03-11,26.75
Wheat,2019-03-18,26.95
Wheat,2019-03-25,26.45
Wheat,2019-04-01,26.85
Wheat,2019-04-08,26.7
Wheat,2019-04-15,25.6
Wheat,2019-04-22,25.4
Wheat,2019-04-29,25.05
Wheat,2019-05-06,24.4
Wheat,2019-05-13,26.15
Wheat,2019-05-20,27.45
Wheat,2019-05-27,28.2
Wheat,2019-06-03,28.1
Wheat,2019-06-10,29.55
Wheat,2019-06-17,28.95
Wheat,2019-06-24,28.65
Wheat,2019-07-01,28.3
Wheat,2019-07-08,28.7
Wheat,2019-07-15,27.65
Wheat,2019-07-22,27.1
Wheat,2019-07-29,26.5
Wheat,2019-08-05,26.95
Wheat,2019-08-12,25.55
Wheat,2019-08-19,25.6
Wheat,2019-08-26,24.8
Wheat,2019-09-02,24.9
Wheat,2019-09-09,25.9
Wheat,2019-09-16,26.0
Wheat,2019-09-23,26.1
Wheat,2019-09-30,26.35
Wheat,2019-10-07,27.15
Wheat,2019-10-14,28.15
Wheat,2019-10-21,27.6
Wheat,2019-10-28,27.45
Wheat,2019-11-04,27.1
Wheat,2019-11-11,26.7
Wheat,2019-11-18,27.3
Wheat,2019-11-25,28.35
Wheat,2019-12-02,27.55
Wheat,2019-12-09,27.9
Wheat,2019-12-16,28.5
Wheat,2019-12-23,29.1
Wheat,2019-12-30,29.05
Wheat,2020-01-06,29.45
Wheat,2020-01-13,29.55
Wheat,2020-01-20,29.55
Wheat,2020-01-27,28.6
Wheat,2020-02-03,28.8
Wheat,2020-02-10,28.1
Wheat,2020-02-17,28.7
Wheat,2020-02-24,27.15
Wheat,2020-03-02,26.6
Wheat,2020-03-09,26.3
Wheat,2020-03-16,27.5
Wheat,2020-03-23,28.5
Wheat,2020-03-30,28.0
Wheat,2020-04-06,28.6
Wheat,2020-04-13,27.55
Wheat,2020-04-20,27.3
Wheat,2020-04-27,26.55
Wheat,2020-05-04,26.85
Wheat,2020-05-11,25.85
Wheat,2020-05-18,26.1
Wheat,2020-05-25,26.75
Wheat,2020-06-01,26.65
Wheat,2020-06-08,26.05
Wheat,2020-06-15,25.05
Wheat,2020-06-22,24.3
Wheat,2020-06-29,25.2
Wheat,2020-07-06,27.05
Wheat,2020-07-13,26.95
Wheat,2020-07-20,27.3
Wheat,2020-07-27,27.05
Wheat,2020-08-03,25.35
Wheat,2020-08-10,25.7
Wheat,2020-08-17,26.75
Wheat,2020-08-24,27.55
Wheat,2020-08-31,27.65
Wheat,2020-09-07,27.25
Wheat,2020-09-14,28.75
Wheat,2020-09-21,27.2
Wheat,2020-09-28,28.4
Wheat,2020-10-05,29.15
Wheat,2020-10-12,30.0
Wheat,2020-10-19,30.7
Wheat,2020-10-26,29.05
Wheat,2020-11-02,29.6
Wheat,2020-11-09,29.35
Wheat,2020-11-16,29.2
Wheat,2020-11-23,29.55
Wheat,2020-11-30,28.15
Wheat,2020-12-07,29.8
Wheat,2020-12-14,29.5
Wheat,2020-12-21,30.2
Wheat,2020-12-28,30.95
Wheat,2021-01-04,30.95
Wheat,2021-01-11,32.2
Wheat,2021-01-18,30.5
Wheat,2021-01-25,31.5
Wheat,2021-02-01,31.0
Wheat,2021-02-08,30.8
Wheat,2021-02-15,31.5
Wheat,2021-02-22,31.45
Wheat,2021-03-01,31.45
Wheat,2021-03-08,30.8
Wheat,2021-03-15,30.0
Wheat,2021-03-22,29.65
Wheat,2021-03-29,29.6
Wheat,2021-04-05,31.1
Wheat,2021-04-12,31.85
Wheat,2021-04-19,34.5
Wheat,2021-04-26,35.5
Wheat,2021-05-03,36.8
Wheat,2021-05-10,34.15
Wheat,2021-05-17,33.1
Wheat,2021-05-24,33.0
Wheat,2021-05-31,34.3
Wheat,2021-06-07,34.0
Wheat,2021-06-14,33.0
Wheat,2021-06-21,31.8
Wheat,2021-06-28,32.6
Wheat,2021-07-05,30.85
Wheat,2021-07-12,34.15
Wheat,2021-07-19,33.55
Wheat,2021-07-26,34.55
Wheat,2021-08-02,35.65
Wheat,2021-08-09,37.2
Wheat,2021-08-16,35.4
Wheat,2021-08-23,35.6
Wheat,2021-08-30,35.35
Wheat,2021-09-06,33.55
Wheat,2021-09-13,34.4
Wheat,2021-09-20,35.2
Wheat,2021-09-27,36.65
Wheat,2021-10-04,35.85
Wheat,2021-10-11,36.0
Wheat,2021-10-18,36.95
Wheat,2021-10-25,37.65
Wheat,2021-11-01,37.65
Wheat,2021-11-08,39.7
Wheat,2021-11-15,40.05
Wheat,2021-11-22,40.15
Wheat,2021-11-29,38.55
Wheat,2021-12-06,37.75
Wheat,2021-12-13,37.15
Wheat,2021-12-20,38.95
Wheat,2021-12-27,36.95
Wheat,2022-01-03,36.55
Wheat,2022-01-10,35.7
Wheat,2022-01-17,37.2
Wheat,2022-01-24,37.85
Wheat,2022-01-31,36.9
Wheat,2022-02-07,38.55
Wheat,2022-02-14,38.3
Wheat,2022-02-21,40.55
Wheat,2022-02-28,54.15
Wheat,2022-03-07,51.75
Wheat,2022-03-14,49.95
Wheat,2022-03-21,53.05
Wheat,2022-03-28,48.45
Wheat,2022-04-04,52.65
Wheat,2022-04-11,54.55
Wheat,2022-04-18,52.9
Wheat,2022-04-25,52.1
Wheat,2022-05-02,55.0
Wheat,2022-05-09,58.2
Wheat,2022-05-16,57.5
Wheat,2022-05-23,57.9
Wheat,2022-05-30,53.4
Wheat,2022-06-06,55.25
Wheat,2022-06-13,53.0
Wheat,2022-06-20,47.6
Wheat,2022-06-27,43.15
Wheat,2022-07-04,45.75
Wheat,2022-07-11,40.3
Wheat,2022-07-18,39.15
Wheat,2022-07-25,42.3
Wheat,2022-08-01,40.8
Wheat,2022-08-08,41.85
Wheat,2022-08-15,39.5
Wheat,2022-08-22,41.8
Wheat,2022-08-29,41.55
Wheat,2022-09-05,44.05
Wheat,2022-09-12,43.65
Wheat,2022-09-19,44.1
Wheat,2022-09-26,45.75
Wheat,2022-10-03,44.6
Wheat,2022-10-10,43.75
Wheat,2022-10-17,43.4
Wheat,2022-10-24,42.75
Wheat,2022-10-31,43.6
Wheat,2022-11-07,42.2
Wheat,2022-11-14,41.35
Wheat,2022-11-21,40.35
Wheat,2022-11-28,38.65
Wheat,2022-12-05,37.25
Wheat,2022-12-12,38.25
Wheat,2022-12-19,38.95
Wheat,2022-12-26,39.9
Wheat,2023-01-02,37.6
Wheat,2023-01-09,37.55
Wheat,2023-01-16,37.65
Wheat,2023-01-23,37.95
Wheat,2023-01-30,38.45
Wheat,2023-02-06,40.0
Wheat,2023-02-13,38.9
Wheat,2023-02-20,36.3
Wheat,2023-02-27,35.95
Wheat,2023-03-06,34.65
Wheat,2023-03-13,35.75
Wheat,2023-03-20,35.15
Wheat,2023-03-27,35.3
Wheat,2023-04-03,34.55
Wheat,2023-04-10,34.75
Wheat,2023-04-17,33.7
Wheat,2023-04-24,31.9
Wheat,2023-05-01,33.05
Wheat,2023-05-08,31.95
Wheat,2023-05-15,30.7
Wheat,2023-05-22,31.3
Wheat,2023-05-29,31.6
Wheat,2023-06-05,31.9
Wheat,2023-06-12,34.3
Wheat,2023-06-19,36.15
Wheat,2023-06-26,32.2
Wheat,2023-07-03,32.25
Wheat,2023-07-10,32.8
Wheat,2023-07-17,34.4
Wheat,2023-07-24,34.95
Wheat,2023-07-31,32.55
Wheat,2023-08-07,32.2
Wheat,2023-08-14,31.45
Wheat,2023-08-21,30.7
Wheat,2023-08-28,29.6
Wheat,2023-09-04,29.65
Wheat,2023-09-11,29.9
Wheat,2023-09-18,29.0
Wheat,2023-09-25,27.85
Wheat,2023-10-02,28.95
Wheat,2023-10-09,29.05
Wheat,2023-10-16,29.35
Wheat,2023-10-23,29.0
Wheat,2023-10-30,28.85
Wheat,2023-11-06,28.8
Wheat,2023-11-13,27.85
Wheat,2023-11-20,27.75
Wheat,2023-11-27,28.8
Wheat,2023-12-04,29.9
Wheat,2023-12-11,29.7
Wheat,2023-12-18,29.3
Wheat,2023-12-25,29.85
Wheat,2024-01-01,29.4
Wheat,2024-01-08,28.7
Wheat,2024-01-15,28.3
Wheat,2024-01-22,28.65
Wheat,2024-01-29,28.6
Wheat,2024-02-05,27.95
Wheat,2024-02-12,26.15
Wheat,2024-02-19,26.6
Wheat,2024-02-26,26.2
Wheat,2024-03-04,25.7
Wheat,2024-03-11,25.5
Wheat,2024-03-18,26.65
Wheat,2024-03-25,27.05
Wheat,2024-04-01,27.3
Wheat,2024-04-08,26.75
Wheat,2024-04-15,26.7
Wheat,2024-04-22,29.25
Wheat,2024-04-29,29.35
Wheat,2024-05-06,30.85
Wheat,2024-05-13,30.45
Wheat,2024-05-20,32.1
Wheat,2024-05-27,31.6
